profile_id,archetype,wallet_count,ilp_reachable,tx_success_rate,avg_connection_latency_ms,fee_to_volume_ratio,settlement_fulfillment_rate,cross_asset_success_rate,tx_frequency_monthly,tx_volume_monthly_usd,reserve_liquidity_usd,fallback_route_available
prof-ARC-221958,ARCHETYPE_A_HIGH_ACCESS,3,True,0.9740739762106364,161.53710691204992,0.00023091414651979243,0.9978590088896261,0.9340826490053874,27,72.27274538543328,579.4415153162743,True
prof-ARC-249503,ARCHETYPE_A_HIGH_ACCESS,2,True,0.9868454792027619,115.81138031771282,0.0014786029001999696,0.9977831561027213,0.8715525408726088,24,187.38692523475882,402.09295072795,True
prof-ARC-704365,ARCHETYPE_A_HIGH_ACCESS,3,True,0.9896476942053767,158.8663964887023,0.0018497543353113203,0.984015337672576,0.9340917270852048,21,556.0652024714582,130.92098020735335,True
prof-ARC-233767,ARCHETYPE_A_HIGH_ACCESS,2,True,0.9204932169939959,206.82996990326285,0.00014885378345667525,0.983488646574122,0.9118872967250348,25,482.0847913703715,723.266762523542,True
prof-ARC-723094,ARCHETYPE_A_HIGH_ACCESS,3,True,0.9693711956262084,168.04084829954397,0.00022905797898195658,0.9046423492198586,0.873006327863502,16,188.83335203977325,545.0453482036986,True
prof-ARC-626981,ARCHETYPE_A_HIGH_ACCESS,3,True,0.9791204708869767,169.67758376066044,0.00025196776450112204,0.9999815962998004,0.9720663940213405,25,189.93433177532762,234.11388026139247,True
prof-ARC-435674,ARCHETYPE_A_HIGH_ACCESS,3,True,0.9305209812223131,187.72651172168293,0.006547174935560061,0.9981605495338607,0.9626370241510951,33,245.17412005313594,395.11344973300015,True
prof-ARC-335167,ARCHETYPE_A_HIGH_ACCESS,3,True,0.9943831684361311,140.34369148099682,0.0033407026068938955,0.948383856410218,0.8209748503186964,22,254.8016509244337,687.1186389484119,True
prof-ARC-242483,ARCHETYPE_A_HIGH_ACCESS,3,True,0.9503505882948436,198.61644647885205,0.0002981393205713036,0.9423222854911887,0.9880292975044223,32,268.35666338586117,170.03004069164007,True
prof-ARC-480002,ARCHETYPE_A_HIGH_ACCESS,3,True,0.9291229237004364,207.62000147139213,0.0038333444855569864,0.9862364947165857,0.9535437778119475,20,93.01073366531782,678.8075795406262,True
prof-ARC-956703,ARCHETYPE_A_HIGH_ACCESS,3,True,0.9814322986690694,153.3145671112343,0.007444009640878385,0.9781039795670656,0.9853751299446,22,240.5036273461851,212.1862657959661,True
prof-ARC-224123,ARCHETYPE_A_HIGH_ACCESS,3,True,0.9105535591299764,198.18388089297255,0.001853170889355956,0.9891489886319774,0.9796261912726149,34,108.76098643200474,590.5578097702714,True
prof-ARC-118070,ARCHETYPE_A_HIGH_ACCESS,2,True,0.8790658302718476,206.1734147298136,0.0023087107776161245,0.9453021548839599,0.8998837472195672,27,1679.6920387521727,463.7648777950676,True
prof-ARC-548982,ARCHETYPE_A_HIGH_ACCESS,2,True,0.972565505885082,143.9960478680951,0.0003195680260391112,0.9987026182683608,0.9925259729363792,24,302.78195724687487,322.2369242388806,True
prof-ARC-311810,ARCHETYPE_A_HIGH_ACCESS,3,True,0.7954294115805417,119.24572240027179,0.0031372265418435357,0.8860265875467148,0.9657155828443522,19,561.5219500960367,1163.5983913795133,True
prof-ARC-276615,ARCHETYPE_A_HIGH_ACCESS,4,True,0.967313523957315,156.37194268923386,0.002401741544251674,0.9826361216052932,0.9510167151407235,19,180.9122379099722,613.6688369339836,True
prof-ARC-584963,ARCHETYPE_A_HIGH_ACCESS,2,True,0.9778571390600252,226.2920295557725,8.749593350383836e-05,0.9653920134182812,0.9518131023500784,26,181.25258603650292,129.22742162484704,True
prof-ARC-453824,ARCHETYPE_A_HIGH_ACCESS,3,True,0.9012748230023572,193.17981420310304,0.004718900241248893,0.935649110584783,0.9619980549185503,28,374.2039795148702,501.30181616106705,True
prof-ARC-160692,ARCHETYPE_A_HIGH_ACCESS,4,True,0.9759607941336291,236.1127169344655,0.0024375056666051304,0.975183971446223,0.8311099514733606,23,375.753119023947,92.39234348851826,True
prof-ARC-219180,ARCHETYPE_A_HIGH_ACCESS,4,True,0.9994365696947346,189.72499057465328,0.006018653922593902,0.9845715240209711,0.927197334253523,17,341.5616028408325,422.20151971248623,True
prof-ARC-633636,ARCHETYPE_A_HIGH_ACCESS,3,True,0.9321634413889613,182.70217760944985,0.0036220567880204087,0.9941622567798893,0.8890971024679826,32,117.81571565829324,451.1173053951378,True
prof-ARC-617923,ARCHETYPE_A_HIGH_ACCESS,3,True,0.9401037902909759,118.88772195083584,0.004402270238120499,0.9979383103922079,0.920824437056074,23,161.80380616315773,328.34971938706065,True
prof-ARC-476965,ARCHETYPE_A_HIGH_ACCESS,4,True,0.9640397785758525,171.97798086349863,0.005171722161830575,0.9947590266092229,0.9631177969828821,15,524.7463372182556,335.32265851651647,True
prof-ARC-109337,ARCHETYPE_A_HIGH_ACCESS,2,True,0.9743711293840505,157.22602015338907,0.00723298439575447,0.9494437003757311,0.9258487593690499,34,512.0024000953823,818.6560828763921,True
prof-ARC-867214,ARCHETYPE_A_HIGH_ACCESS,2,True,0.9735652305829784,176.56380464242147,0.001014098371766301,0.9111369584232317,0.9505885608735826,37,109.99536887076346,618.297001430843,True
prof-ARC-994751,ARCHETYPE_A_HIGH_ACCESS,2,True,0.9985153872470983,75.65492359090331,0.0035926338464278406,0.9456219280413538,0.9531749701369551,27,250.83274555496294,469.0535698404897,True
prof-ARC-456600,ARCHETYPE_A_HIGH_ACCESS,3,True,0.9722896858120147,209.44642130190243,0.005854338684683538,0.9796502196197681,0.9941783694503198,21,234.02781603644382,208.35614625382286,True
prof-ARC-994647,ARCHETYPE_A_HIGH_ACCESS,3,True,0.9680081730905666,182.28144119689156,0.0004989810815865852,0.9668766933405242,0.8660010804544643,22,211.96686203284153,393.4776937352072,True
prof-ARC-274293,ARCHETYPE_A_HIGH_ACCESS,2,True,0.862700235895161,176.6301585092751,0.003305774576750186,0.9759317443489687,0.957130076543829,12,81.7720069633971,570.169780973348,True
prof-ARC-971149,ARCHETYPE_A_HIGH_ACCESS,3,True,0.9125908423230421,144.90694698524732,0.0002389669160663478,0.9970050862072175,0.9536110549950004,23,134.74309186686222,1889.3629188695363,True
prof-ARC-126069,ARCHETYPE_A_HIGH_ACCESS,3,True,0.9678814086805735,168.35792430607756,0.0009295102803082091,0.9563949144485013,0.9686338431219926,22,191.796959163288,89.86821208400684,True
prof-ARC-962755,ARCHETYPE_A_HIGH_ACCESS,4,True,0.9638269264247532,179.73628331089932,0.002510939428256669,0.9448606534916208,0.9292059147539166,28,162.81391713547467,406.57602008085615,True
prof-ARC-656542,ARCHETYPE_A_HIGH_ACCESS,3,True,0.996691951411451,154.18759904148143,0.00013329442292953243,0.9687702516695573,0.9606974503392941,23,826.2720182325467,504.05607611885733,True
prof-ARC-564008,ARCHETYPE_A_HIGH_ACCESS,2,True,0.8676427290057965,197.3791031061666,0.002710188575789365,0.9645391886321678,0.9010821359518784,24,104.20513644332847,468.77096206117164,True
prof-ARC-318134,ARCHETYPE_A_HIGH_ACCESS,3,True,0.9816287697067961,200.6049537162794,0.00015346293874253001,0.9350009966117224,0.8670549996932693,28,240.76825528618878,326.59640326592023,True
prof-ARC-945633,ARCHETYPE_A_HIGH_ACCESS,3,True,0.977070009514519,218.60924891548783,0.00033150297044198866,0.9674869871882749,0.9721630868934593,33,131.32466925896426,236.3926029227194,True
prof-ARC-176077,ARCHETYPE_A_HIGH_ACCESS,3,True,0.9866295778801145,171.93497469614474,0.00263638626727053,0.9980593102764097,0.9663417411472932,31,191.00610264065034,214.2659213381697,True
prof-ARC-430388,ARCHETYPE_A_HIGH_ACCESS,3,True,0.9863302684766295,194.2595658063692,0.0002290075226799258,0.9613067766910816,0.9025249428371261,19,286.1416808972369,752.42075873171,True
prof-ARC-891189,ARCHETYPE_A_HIGH_ACCESS,2,True,0.9585213385508596,178.88892258842645,0.001597347300220628,0.984094091570224,0.8614631159105087,24,207.51244817927977,774.0707797094653,True
prof-ARC-320178,ARCHETYPE_A_HIGH_ACCESS,2,True,0.9674868757194031,100.47090574820965,0.0009754683505425421,0.9050416633827573,0.884353533182208,28,126.05653438849006,622.0392778572666,True
prof-ARC-870044,ARCHETYPE_A_HIGH_ACCESS,3,True,0.9470521567622993,184.29646357492564,0.0024389178576024657,0.9004569150971908,0.9492436201658823,17,144.20478022739408,609.9048419648568,True
prof-ARC-267292,ARCHETYPE_A_HIGH_ACCESS,4,True,0.9471406400957412,186.81784227403705,0.0007916531270113446,0.9850554086921531,0.8825851406034475,18,204.28299447924522,398.64295326855785,True
prof-ARC-807280,ARCHETYPE_A_HIGH_ACCESS,3,True,0.9399402628740601,156.17092274509434,0.0004579493279181533,0.95393200081576,0.9280747077031796,25,471.55982432077667,387.07234122564773,True
prof-ARC-625910,ARCHETYPE_A_HIGH_ACCESS,2,True,0.9711549537292626,207.3412858741369,0.0006016862548224376,0.9891838297211807,0.971696189055641,17,369.52104500639524,374.3651773989856,True
prof-ARC-517978,ARCHETYPE_A_HIGH_ACCESS,2,True,0.8508003606835779,258.97146194512175,0.0025625232597346827,0.9605819671362787,0.9712124536282597,28,178.8444567018914,1196.8748353448957,True
prof-ARC-375494,ARCHETYPE_A_HIGH_ACCESS,2,True,0.8485236716625777,160.2330473407139,0.00308377074841457,0.9669649238202621,0.9206707877576153,27,263.0827726035335,320.70130936498254,True
prof-ARC-137641,ARCHETYPE_A_HIGH_ACCESS,3,True,0.9029441622764356,171.61502802599878,0.00043174498621490116,0.9977218408887564,0.91115308763537,32,89.48231414165686,115.81446413252762,True
prof-ARC-796358,ARCHETYPE_A_HIGH_ACCESS,3,True,0.9026573613823102,210.95533618405904,0.004626206511527342,0.9494530765681105,0.8887910703453201,25,173.86586392448626,308.80144179331904,True
prof-ARC-350195,ARCHETYPE_A_HIGH_ACCESS,3,True,0.9956575748654938,139.6664846689717,0.000732475184067904,0.9628196123781135,0.9464759585945334,35,161.93703364802934,205.6893019042472,True
prof-ARC-966867,ARCHETYPE_A_HIGH_ACCESS,2,True,0.9216953067911153,198.54421785842044,0.00026240933243959323,0.9400901492570376,0.9789956673330518,26,325.6230253446301,430.60935002510104,True
prof-ARC-474999,ARCHETYPE_A_HIGH_ACCESS,4,True,0.9303113903317122,112.62998403018491,0.0006632714011687662,0.956604213206988,0.9450483563188,38,257.5115208931418,695.4067047151439,True
prof-ARC-228322,ARCHETYPE_A_HIGH_ACCESS,3,True,0.9596283480558453,197.51784555977892,0.003236836145561134,0.9678941421622144,0.965956028375803,32,311.15184907353347,364.93861151597,True
prof-ARC-778250,ARCHETYPE_A_HIGH_ACCESS,2,True,0.9999448607627277,227.01923599916856,0.0005896177527960417,0.9956735700087517,0.9474299938670672,24,174.99969244710758,198.09525427168154,True
prof-ARC-257732,ARCHETYPE_A_HIGH_ACCESS,2,True,0.9390839132977813,174.40882816910724,0.002503706246012195,0.9977604810465199,0.9661195237063211,22,295.48141383727943,625.9522964233294,True
prof-ARC-537785,ARCHETYPE_A_HIGH_ACCESS,2,True,0.8959099502926606,218.95979202493007,0.0007052804724414465,0.9274675204301599,0.9916897102606459,28,184.3185100069038,498.8261645365185,True
prof-ARC-444855,ARCHETYPE_A_HIGH_ACCESS,3,True,0.9663684216238846,190.28176039133112,0.002881569246584433,0.9990081898299856,0.8920937549573834,18,312.8432553600068,268.8529615358391,True
prof-ARC-466245,ARCHETYPE_A_HIGH_ACCESS,2,True,0.9646694145531703,206.72214251324672,0.00122691696652258,0.9829500437355311,0.8605151717869332,28,462.82021275139294,332.282753169648,True
prof-ARC-867285,ARCHETYPE_A_HIGH_ACCESS,3,True,0.9603751977718484,153.71043996077455,0.0008618742260127712,0.9716231621931192,0.953566668952061,17,325.8025068810465,1196.5384885930607,True
prof-ARC-613287,ARCHETYPE_A_HIGH_ACCESS,4,True,0.9329821108307282,169.93763568917427,0.0019423437260511676,0.9988961977540509,0.845883469020987,27,194.38724503289544,158.45178135974183,True
prof-ARC-694604,ARCHETYPE_A_HIGH_ACCESS,2,True,0.9583292019773086,268.95031055162167,0.002546451583913157,0.9968792865682394,0.9531329819876923,28,106.2407731466798,131.81521863126264,True
prof-ARC-912395,ARCHETYPE_A_HIGH_ACCESS,3,True,0.9531175146073517,257.8071451157658,5.861888938988582e-05,0.9732180284118199,0.9778926817867323,24,123.77682810550982,632.4375309568824,True
prof-ARC-257795,ARCHETYPE_A_HIGH_ACCESS,4,True,0.9839761116803621,179.23337787025665,0.0005392763497807588,0.9742976089394406,0.8558616397305107,27,234.29420487699517,304.71572086004164,True
prof-ARC-505804,ARCHETYPE_A_HIGH_ACCESS,2,True,0.9080301964405285,122.43975728904547,0.001226299307912632,0.9065349612576773,0.9753376874721827,23,114.85865087895381,616.6656679160961,True
prof-ARC-441815,ARCHETYPE_A_HIGH_ACCESS,3,True,0.990601268170922,170.19357660961046,0.00012057393703881167,0.9870472287274031,0.8631339178524644,25,290.977003404967,239.20471695115012,True
prof-ARC-909343,ARCHETYPE_A_HIGH_ACCESS,2,True,0.8844440419254217,158.01947426227142,0.0004081787948962622,0.989293821288444,0.9316854380865982,21,269.96465330516844,504.73710781752715,True
prof-ARC-412282,ARCHETYPE_A_HIGH_ACCESS,4,True,0.9512074071422008,199.16190666087553,0.001053891282992262,0.9984260952954054,0.8637237720611719,26,215.68305201088756,348.45392738155294,True
prof-ARC-653453,ARCHETYPE_A_HIGH_ACCESS,4,True,0.9128367881818462,169.07392549536186,0.003916969045049555,0.9726121653298226,0.9902821360430153,26,418.0915614994154,336.35966378698424,True
prof-ARC-734122,ARCHETYPE_A_HIGH_ACCESS,3,True,0.9528187763761214,112.52712815832183,0.004090502812347163,0.9827552911822538,0.8794999843340292,29,828.7149128514226,346.67529313446136,True
prof-ARC-239978,ARCHETYPE_A_HIGH_ACCESS,3,True,0.9704943375163654,165.99555162630654,0.001955953576312911,0.97401781925542,0.9661060099250919,30,533.436455560127,291.7235741757655,True
prof-ARC-582238,ARCHETYPE_A_HIGH_ACCESS,2,True,0.9867229505351716,179.41086603219955,0.003191886390018186,0.9705723708022469,0.9445547261306274,27,299.0456113756269,191.26923805122775,True
prof-ARC-134084,ARCHETYPE_A_HIGH_ACCESS,3,True,0.8978895881811074,210.86514886238436,0.0028313911752577735,0.9214616112453181,0.9798562585625891,21,262.99236764848365,182.02564575373245,True
prof-ARC-871148,ARCHETYPE_A_HIGH_ACCESS,3,True,0.840406631182278,192.43625443139365,0.0010723016377926881,0.9961231994338857,0.923991471284895,16,552.3590631690248,208.4152388524021,True
prof-ARC-168008,ARCHETYPE_A_HIGH_ACCESS,3,True,0.9034186555385377,164.37258541989945,0.002022816239708262,0.9849155053248615,0.9515823211375124,22,187.85473882237542,886.0081402778928,True
prof-ARC-391126,ARCHETYPE_A_HIGH_ACCESS,3,True,0.974540302535069,157.934101722307,0.0020672240355448027,0.9020589725023855,0.9290740188723573,17,451.9289738501063,437.08362697780444,True
prof-ARC-296133,ARCHETYPE_A_HIGH_ACCESS,2,True,0.9934548548121408,159.53896850402057,0.001010865816275485,0.9891800534419811,0.8890407437564106,23,493.2598299322803,686.680362434625,True
prof-ARC-187468,ARCHETYPE_A_HIGH_ACCESS,3,True,0.8462382715431291,197.05323018768462,0.0007075838227731613,0.9823589539963016,0.8677522493650579,25,310.24090743646093,273.07655556098433,True
prof-ARC-635426,ARCHETYPE_A_HIGH_ACCESS,4,True,0.9527088329368693,178.18438433081076,0.0014781915894681128,0.9368933664096633,0.9209276150408683,23,218.03373388343638,287.85009207918995,True
prof-ARC-543057,ARCHETYPE_A_HIGH_ACCESS,2,True,0.8061832282388539,163.0905291772097,0.00026373998750091804,0.977784133138882,0.9041984977889459,27,443.77742309014155,215.64128207365758,True
prof-ARC-656659,ARCHETYPE_A_HIGH_ACCESS,3,True,0.9772130895602882,121.68037711544602,0.000345960700883369,0.970207245746557,0.894840653853649,31,134.7204033988278,374.8747081022569,True
prof-ARC-563547,ARCHETYPE_A_HIGH_ACCESS,3,True,0.9829212141904842,168.31210179423624,0.002055170908185329,0.9190632034301226,0.9269610138864984,30,169.8064090896548,490.3434568520466,True
prof-ARC-652959,ARCHETYPE_A_HIGH_ACCESS,4,True,0.9491786532271395,202.26286116027921,0.001995357812472442,0.957109912570422,0.9383001308024694,28,255.9600605487231,179.77826425709625,True
prof-ARC-503082,ARCHETYPE_A_HIGH_ACCESS,4,True,0.9109272562590305,147.7001719642701,0.001727455230628838,0.9756671927147834,0.9580795239495244,27,348.8935246369188,240.60817453478168,True
prof-ARC-797960,ARCHETYPE_A_HIGH_ACCESS,3,True,0.9973310768303008,223.6685607024335,0.0025419148531246054,0.9056120689372709,0.9760904220790718,21,91.54418073518505,457.7312973413056,True
prof-ARC-352791,ARCHETYPE_A_HIGH_ACCESS,4,True,0.9802790575800316,169.5006561853675,0.001531288216858562,0.9982588939633497,0.9763974881829777,28,385.5496617855553,281.10739595600785,True
prof-ARC-279761,ARCHETYPE_A_HIGH_ACCESS,2,True,0.9192215707972354,189.2649903779689,0.0016539555529155496,0.9408342498197344,0.944950259380678,17,310.7674857489824,284.7711656247541,True
prof-ARC-758441,ARCHETYPE_A_HIGH_ACCESS,3,True,0.9591212952286345,150.38754689135934,0.0014477429476344322,0.9996416259090856,0.8998343420503957,31,428.8415547248449,212.1402282854705,True
prof-ARC-623886,ARCHETYPE_A_HIGH_ACCESS,3,True,0.9006089406398397,129.03452400589063,0.0009973789915332866,0.976259781904286,0.9547547023758827,26,268.34558647731853,1073.3689244625753,True
prof-ARC-346353,ARCHETYPE_A_HIGH_ACCESS,3,True,0.9842023618825992,150.2297148037545,0.0023331402694520107,0.9956837956575723,0.9703190548197849,29,127.01607299369822,530.2845775397349,True
prof-ARC-411955,ARCHETYPE_A_HIGH_ACCESS,3,True,0.9665661126452754,168.8337967178684,0.0016151067434286334,0.9990207860752421,0.9478348769707614,22,359.86159383553905,305.02022896365906,True
prof-ARC-837266,ARCHETYPE_A_HIGH_ACCESS,3,True,0.9533799002691576,200.81567289023764,0.0024553763807999523,0.9980515326503561,0.9499879118984877,25,148.4641657696662,686.6317467926608,True
prof-ARC-586799,ARCHETYPE_A_HIGH_ACCESS,3,True,0.9178533975430558,179.35898116954692,7.076299557767439e-05,0.888443223829545,0.9359571830358226,35,255.613242072735,157.98063873525322,True
prof-ARC-564184,ARCHETYPE_A_HIGH_ACCESS,3,True,0.991085909262479,154.8675605521872,0.0008035047647318573,0.9583358261848252,0.9096602918153454,26,78.09500288554347,561.6011131737487,True
prof-ARC-803305,ARCHETYPE_A_HIGH_ACCESS,2,True,0.9036885777108782,166.54859342838353,0.0009709819939003948,0.9405150757523825,0.9629182167541294,22,164.08818499213947,169.41023177185116,True
prof-ARC-720756,ARCHETYPE_A_HIGH_ACCESS,3,True,0.9855276315790551,182.58218594981025,0.0026950422783439385,0.9869444858754222,0.9588599201772529,23,447.56989921407586,178.67316162635464,True
prof-ARC-958379,ARCHETYPE_A_HIGH_ACCESS,3,True,0.9216691012195467,236.19893328652637,0.003041204118298036,0.9618807291801325,0.9069249033489615,19,197.57577002745757,227.44909438105452,True
prof-ARC-692131,ARCHETYPE_A_HIGH_ACCESS,3,True,0.9174498655202177,190.20353119213934,0.000789249795447302,0.9841812027814446,0.9167208450469347,20,166.30361234862482,539.295492672356,True
prof-ARC-756005,ARCHETYPE_A_HIGH_ACCESS,3,True,0.9669529783907107,175.03802945569464,0.0008357694247197308,0.9559799648936169,0.9560247294523606,23,203.68767058730887,637.8828592984956,True
prof-ARC-439119,ARCHETYPE_A_HIGH_ACCESS,3,True,0.94016876172342,165.6899286026112,6.140909695505879e-05,0.9606846987152582,0.8753249455873713,23,202.5439600206256,298.3039248598497,True
prof-ARC-410925,ARCHETYPE_A_HIGH_ACCESS,4,True,0.9420796980473801,205.77771674999522,3.713058243297585e-07,0.9785733643527512,0.8204949571796332,18,202.62579368414856,669.176990974051,True
prof-ARC-569164,ARCHETYPE_A_HIGH_ACCESS,4,True,0.9837068116327974,163.92109664657855,0.003964603928527799,0.9913430152722725,0.9935974999573208,22,211.00171855336157,713.5015113852864,True
prof-ARC-163095,ARCHETYPE_A_HIGH_ACCESS,2,True,0.9904079655630765,182.10156489339545,0.00012497460864463377,0.9119506527151003,0.9067535877554184,22,938.0161654833319,548.2446120540906,True
prof-ARC-913081,ARCHETYPE_A_HIGH_ACCESS,2,True,0.8992566707619206,222.965104305739,0.002063220530268,0.8870233504681226,0.9403066902304611,21,102.00390153446133,429.96648366874166,True
prof-ARC-759738,ARCHETYPE_A_HIGH_ACCESS,2,True,0.8322490253901762,173.39416118976126,0.0004796545436179255,0.999779712550386,0.9430172900109325,26,167.99291354010583,505.9361227317205,True
prof-ARC-282024,ARCHETYPE_A_HIGH_ACCESS,4,True,0.9171659866153443,211.1471877859727,0.0017019389332809643,0.9137782433274512,0.8514621438897563,28,171.62722975684449,196.58395273279586,True
prof-ARC-819449,ARCHETYPE_A_HIGH_ACCESS,4,True,0.9999363143789484,165.50816844949682,0.0005919026935671584,0.9878412825693118,0.9747022960947508,29,209.88492947540672,352.51261572939626,True
prof-ARC-423494,ARCHETYPE_A_HIGH_ACCESS,3,True,0.9421161599091754,186.970808330516,0.001338533896737783,0.9770864966937639,0.9032633616293837,17,632.9983442976848,363.2957674659007,True
prof-ARC-412727,ARCHETYPE_A_HIGH_ACCESS,3,True,0.9212149309146347,235.20651404525972,0.0006661905414200896,0.9423324056857157,0.955894862984591,26,367.01552021695403,1044.598516386219,True
prof-ARC-841280,ARCHETYPE_A_HIGH_ACCESS,3,True,0.9922983687529994,167.8734896407917,0.0028474064908950614,0.9997823197501804,0.8715582997463996,31,474.9317450099207,474.9093281281947,True
prof-ARC-607365,ARCHETYPE_A_HIGH_ACCESS,3,True,0.9940400689858366,165.7848195878725,0.0014081001279724276,0.982365808296238,0.9895749335766413,22,204.89678364816706,815.5598276748092,True
prof-ARC-643088,ARCHETYPE_A_HIGH_ACCESS,2,True,0.9923599905006041,258.98773310789556,0.00040021965586664485,0.956841406378995,0.8357981113634487,31,255.36063717058818,481.0432880239096,True
prof-ARC-967964,ARCHETYPE_A_HIGH_ACCESS,3,True,0.9568208305190101,188.75585286000046,0.0016174807772942582,0.9768994846949477,0.90340966405744,32,309.1561799325944,324.7131439886144,True
prof-ARC-191088,ARCHETYPE_A_HIGH_ACCESS,3,True,0.9983276825752184,152.7190569107816,0.0028002862434112906,0.9724653647049359,0.8524341868315898,24,268.7307476599526,1002.7605898862469,True
prof-ARC-928294,ARCHETYPE_A_HIGH_ACCESS,4,True,0.9959113135396518,174.15275158941958,0.0035597371707535596,0.9267732423609192,0.6917114753064105,28,216.86885039894182,225.2038426225662,True
prof-ARC-767304,ARCHETYPE_A_HIGH_ACCESS,2,True,0.817702510767204,208.5937513612826,0.000682244591697457,0.9954594532103593,0.9089000098847416,31,441.9633293227112,397.0599371381136,True
prof-ARC-154189,ARCHETYPE_A_HIGH_ACCESS,2,True,0.9984530780011429,194.1096693158487,0.0021722199838843576,0.9894183435842864,0.9193540738805203,23,167.7120184617995,304.42841133079315,True
prof-ARC-333077,ARCHETYPE_A_HIGH_ACCESS,3,True,0.9849176086979023,182.36688289795526,0.0018460286724411906,0.9730507964776286,0.8342424843129119,28,454.6251241865485,669.1602534987038,True
prof-ARC-114743,ARCHETYPE_A_HIGH_ACCESS,2,True,0.9942907188186402,186.78902804465602,0.0010067516369279088,0.9956329771836266,0.9148613477632122,32,389.60292448594726,116.27376650646211,True
prof-ARC-180811,ARCHETYPE_A_HIGH_ACCESS,3,True,0.9940070986410677,139.62387229580355,0.0038261817488528496,0.9281981325065832,0.9418358796884209,27,659.0806459058239,719.990840754372,True
prof-ARC-611511,ARCHETYPE_A_HIGH_ACCESS,3,True,0.9549032650099356,161.4704431369695,0.0030809079028783905,0.9765617334042783,0.9819984886430538,23,220.3624558313384,307.36960686088213,True
prof-ARC-780332,ARCHETYPE_A_HIGH_ACCESS,3,True,0.9830084168131626,191.77395423379767,0.0020261744117351255,0.9616328685217205,0.9279809840675242,26,206.44679897282705,431.8513457775436,True
prof-ARC-388816,ARCHETYPE_A_HIGH_ACCESS,2,True,0.9832857532184179,134.24042729299634,4.110820021587406e-05,0.9741206534999481,0.8932905890657971,25,214.55252611763146,759.1257479878329,True
prof-ARC-438384,ARCHETYPE_A_HIGH_ACCESS,3,True,0.9919970083140331,172.86914625931078,0.0006121106568268147,0.9880366666866786,0.9180654309444275,24,250.9977188712182,318.1435613079761,True
prof-ARC-993416,ARCHETYPE_A_HIGH_ACCESS,4,True,0.9671492598490287,185.177823117446,0.0017785992181530916,0.9674032310965146,0.9491098365946268,31,335.2410838747737,693.7206942560902,True
prof-ARC-369150,ARCHETYPE_A_HIGH_ACCESS,3,True,0.9792037485956325,172.97940422679056,0.0012428692776826375,0.9997185005651266,0.9762362187833156,25,226.3515366848366,1358.537091185413,True
prof-ARC-389220,ARCHETYPE_A_HIGH_ACCESS,3,True,0.9322834633776405,140.77276848326997,0.0012160550345382346,0.9631863872791605,0.9480830814462401,27,268.3980504406501,396.36644972687895,True
prof-ARC-872791,ARCHETYPE_A_HIGH_ACCESS,3,True,0.9740185198042037,167.2867076565591,0.0019350151900636525,0.9510477354127753,0.916058915057564,19,247.0458356160504,226.58201538398637,True
prof-ARC-514758,ARCHETYPE_A_HIGH_ACCESS,3,True,0.9423795538187194,189.1804319405369,0.003433992757622731,0.9986473363826497,0.8992206289733646,21,126.26267869845087,685.6153266141516,True
prof-ARC-953164,ARCHETYPE_A_HIGH_ACCESS,2,True,0.9736147325749944,139.67656588910438,0.0030112750796147413,0.9512366825469799,0.9929149718016955,21,382.3355664297172,161.4567656656435,True
prof-ARC-579336,ARCHETYPE_A_HIGH_ACCESS,2,True,0.9919698216770062,147.43631769311352,0.0010935804524470295,0.9174098918140562,0.9170565733677712,23,226.76177335291598,172.22036996400365,True
prof-ARC-882215,ARCHETYPE_A_HIGH_ACCESS,2,True,0.9143983090975304,101.87358430118597,0.0032925882915684343,0.9720083388802602,0.9158468555877519,24,414.16501057161304,497.00788448364693,True
prof-ARC-149976,ARCHETYPE_A_HIGH_ACCESS,3,True,0.9750638725108082,154.00738165654337,0.00044245272051701923,0.9940478729203374,0.8900008427235755,29,477.66779936996096,241.6852295015833,True
prof-ARC-582488,ARCHETYPE_A_HIGH_ACCESS,3,True,0.9060455978586537,223.7919562511382,0.0023351008600546114,0.9639854371365857,0.9092943787804595,28,115.40640430602099,411.57726032070707,True
prof-ARC-535928,ARCHETYPE_A_HIGH_ACCESS,2,True,0.9634985996017336,169.35577949447338,0.0002104383502622773,0.9980623185133178,0.918233190044704,18,140.2004872798187,263.5841773147153,True
prof-ARC-808672,ARCHETYPE_A_HIGH_ACCESS,3,True,0.9763858864353399,203.8242018022854,3.2726461154601876e-05,0.9437317834786735,0.9300429568127909,25,1055.402836589702,138.7938057118694,True
prof-ARC-472047,ARCHETYPE_A_HIGH_ACCESS,4,True,0.9130600490950311,115.39971240386267,0.00026915486189651804,0.9297197765333087,0.9554795293738183,26,359.9796112708794,323.25248864678053,True
prof-ARC-231184,ARCHETYPE_A_HIGH_ACCESS,2,True,0.9896459399157063,200.28930179992736,0.001132554182267234,0.9961251290642924,0.9621823271024379,18,272.0198003471742,535.9406902424284,True
prof-ARC-647219,ARCHETYPE_A_HIGH_ACCESS,2,True,0.9788694734864624,140.15055145604848,0.006989818036041805,0.9860005579575238,0.982600510619406,25,176.79449852804004,712.7051566947184,True
prof-ARC-235189,ARCHETYPE_A_HIGH_ACCESS,2,True,0.9871392126822514,232.9712779935121,0.0012593786252688224,0.9890657414342217,0.8352513656623483,25,185.07157255820437,372.2875889094954,True
prof-ARC-948692,ARCHETYPE_A_HIGH_ACCESS,4,True,0.8786191575676777,191.72087762784432,0.002559904456012126,0.989841234612698,0.9411502785499564,20,313.79585421283934,397.7679159614294,True
prof-ARC-513090,ARCHETYPE_A_HIGH_ACCESS,4,True,0.9198988202432005,187.82667194046292,0.0014178479869429532,0.9945590257673363,0.9751435521100357,26,95.70576695268808,166.1866820796139,True
prof-ARC-953329,ARCHETYPE_A_HIGH_ACCESS,4,True,0.8480649149550357,137.98741319007698,0.0018983322128145455,0.9850284820875951,0.9078177754765681,23,797.8624764396207,783.8195748782139,True
prof-ARC-987553,ARCHETYPE_A_HIGH_ACCESS,3,True,0.9487953614394972,131.53900646169822,0.002295075161683896,0.9869715137141881,0.910940309755438,24,173.31939617084598,265.19278965934586,True
prof-ARC-367247,ARCHETYPE_A_HIGH_ACCESS,3,True,0.860108642976933,205.6817767049112,0.003348100731042667,0.9899918529828955,0.9628845015355928,30,325.28676055005997,173.10795150163517,True
prof-ARC-504303,ARCHETYPE_A_HIGH_ACCESS,4,True,0.970491606399112,185.25634256725536,0.0003783206522050192,0.96204894713571,0.9780297448748535,20,292.80594219936586,314.058700227737,True
prof-ARC-105520,ARCHETYPE_A_HIGH_ACCESS,3,True,0.9603544142828371,159.71087385850123,0.001492490336655165,0.9966964142631893,0.9690317029974226,22,271.7067789223776,247.34498581187,True
prof-ARC-407086,ARCHETYPE_A_HIGH_ACCESS,3,True,0.7881050111134834,224.9428368771337,0.004182160139349728,0.989809174841542,0.9468598471152939,28,251.71921142473866,379.5103857459079,True
prof-ARC-869305,ARCHETYPE_A_HIGH_ACCESS,3,True,0.9409367689826825,212.7749561425606,0.005830004662129448,0.9854916385888908,0.904043981130455,29,152.88370757567822,352.5173701895257,True
prof-ARC-732405,ARCHETYPE_A_HIGH_ACCESS,4,True,0.9856048995746326,172.83261474047913,0.00038056006478670487,0.9834596664738778,0.949178141096141,32,251.89475651566917,543.3202599267801,True
prof-ARC-780667,ARCHETYPE_A_HIGH_ACCESS,3,True,0.9707410101701993,188.77954162201794,0.0005266408687768172,0.9573173462924446,0.9662909357989282,13,507.0143529559492,361.4355168515181,True
prof-ARC-395809,ARCHETYPE_A_HIGH_ACCESS,3,True,0.9997653367339909,197.9638316868573,0.001542042332140693,0.9585584348559678,0.9824479509130863,27,251.80253201690508,309.2572909795053,True
prof-ARC-223099,ARCHETYPE_A_HIGH_ACCESS,3,True,0.9833255579013036,142.15052682482204,0.0027214827729446166,0.9865057436467455,0.862657371607215,26,101.46467444502359,512.545761252061,True
prof-ARC-735274,ARCHETYPE_A_HIGH_ACCESS,2,True,0.9501800868198245,214.676552525781,0.0021924821568143236,0.9259850438668833,0.9720796449070996,28,156.4075465994392,161.48983003113244,True
prof-ARC-545414,ARCHETYPE_A_HIGH_ACCESS,3,True,0.9732666655134136,202.1791752249689,0.00031494185654313807,0.9067854944733329,0.8770920313495696,24,292.3479460015702,1136.8037822706992,True
prof-ARC-702566,ARCHETYPE_A_HIGH_ACCESS,4,True,0.9152726264390572,194.07802769425578,0.00014934729108851332,0.8489970412307447,0.9474415332809915,30,190.20552688084754,772.0582778384968,True
prof-ARC-463298,ARCHETYPE_A_HIGH_ACCESS,2,True,0.8528924542203855,149.04796260610468,0.0002710022556195255,0.9966085433274197,0.8523562672042091,26,439.17610206485665,334.07195137933,True
prof-ARC-735873,ARCHETYPE_A_HIGH_ACCESS,3,True,0.9902812390956929,213.5537293454363,0.0024461570689181464,0.9628198198718604,0.7908934626711382,27,245.14450081439048,514.1222064861722,True
prof-ARC-877475,ARCHETYPE_A_HIGH_ACCESS,3,True,0.9972117775106032,140.37528678363128,0.005359678725924702,0.9612374594331643,0.891476317617768,26,261.7098431134406,273.5845609834019,True
prof-ARC-470250,ARCHETYPE_A_HIGH_ACCESS,3,True,0.9974217040103311,177.78157303174822,0.0001804196251428981,0.916758170754418,0.9735670500239296,32,402.62448546288033,395.37412209133066,True
prof-ARC-240148,ARCHETYPE_A_HIGH_ACCESS,2,True,0.9968212560696776,173.82421707358978,0.00015248023891581712,0.9963065416041026,0.9837331391553765,22,194.1424478385842,301.1710113039039,True
prof-ARC-595654,ARCHETYPE_A_HIGH_ACCESS,3,True,0.980536013374463,185.9789192997619,0.00015718183565174626,0.9566759923400303,0.9368828807841892,22,133.12678442500757,366.3384142204443,True
prof-ARC-545150,ARCHETYPE_A_HIGH_ACCESS,3,True,0.997623489656987,144.4241835860939,0.002863615478046173,0.989716272370642,0.9549131884346718,25,373.373397872179,54.87986744496802,True
prof-ARC-510834,ARCHETYPE_A_HIGH_ACCESS,3,True,0.895942159219479,191.20443563196483,0.0011105720150251606,0.976509785272629,0.9348246631776921,29,234.92835833783784,463.848015114679,True
prof-ARC-281890,ARCHETYPE_A_HIGH_ACCESS,2,True,0.9823329081364579,146.8541162081244,0.000929118615565866,0.9328874150049067,0.9063532308216582,21,150.0669307857084,556.0678959468914,True
prof-ARC-192876,ARCHETYPE_A_HIGH_ACCESS,2,True,0.9694375566594831,160.91131362965757,0.0005643778771661566,0.9518290661283033,0.9005816196914495,25,522.927740336211,363.58289125773973,True
prof-ARC-589709,ARCHETYPE_A_HIGH_ACCESS,4,True,0.9986259623383528,162.01900518479044,0.0015011966760434426,0.9982721508548835,0.8535944330634747,21,184.02719321121424,491.6195973618953,True
prof-ARC-809560,ARCHETYPE_A_HIGH_ACCESS,2,True,0.9893346549399097,194.56393573940227,0.00010506856847795178,0.9469107858719986,0.9660206412765505,17,105.98076338700409,272.0508849806333,True
prof-ARC-848692,ARCHETYPE_A_HIGH_ACCESS,4,True,0.9587887637621881,185.87535741032056,0.0021802022828933576,0.9530206574326017,0.9667691844204722,28,142.00187425392716,187.2374696663021,True
prof-ARC-452103,ARCHETYPE_A_HIGH_ACCESS,3,True,0.8759644531063798,186.89102241503565,0.0012314274417756553,0.9884930015309784,0.9912800625438477,33,164.34895922106475,288.35789111373896,True
prof-ARC-431927,ARCHETYPE_A_HIGH_ACCESS,4,True,0.879444580334159,232.42089593746675,0.00455559356592892,0.9936364472851754,0.9718554150480503,18,98.46472377077077,474.3922044155256,True
prof-ARC-717614,ARCHETYPE_A_HIGH_ACCESS,4,True,0.9609597916877269,160.67861952861625,0.0010070556879944702,0.9708052233355813,0.9472729225822731,35,367.6328469629107,262.6152172118277,True
prof-ARC-548377,ARCHETYPE_A_HIGH_ACCESS,3,True,0.9845985382029309,177.0864539677457,0.00013024041531607076,0.9775363556213134,0.8699971608497908,23,261.05998943840166,336.64187164602544,True
prof-ARC-810070,ARCHETYPE_A_HIGH_ACCESS,2,True,0.9443317522467635,185.91080498631902,0.004594491338555152,0.9943763488185131,0.9624760000289978,23,128.3957394841175,473.5190723440336,True
prof-ARC-935655,ARCHETYPE_A_HIGH_ACCESS,4,True,0.9802084682005119,214.61702202767242,0.005288040379191906,0.9875807933045896,0.97496600628408,28,151.2045744153698,356.39270691377067,True
prof-ARC-112306,ARCHETYPE_A_HIGH_ACCESS,3,True,0.9870109062016513,174.60601664545402,0.0023498006799782005,0.9723571493929329,0.8423381739016826,20,194.70155460776272,416.8838496911731,True
prof-ARC-196143,ARCHETYPE_A_HIGH_ACCESS,2,True,0.9478875185438789,171.2323435366848,0.00048715740869953407,0.9319617510401066,0.8824840778534969,25,551.8025057577031,298.39801963657897,True
prof-ARC-137034,ARCHETYPE_A_HIGH_ACCESS,4,True,0.9734035693081096,168.83735275641135,0.0006206610719485056,0.9362547085988309,0.9408204972832892,22,306.68014802601795,323.97865362391855,True
prof-ARC-590999,ARCHETYPE_A_HIGH_ACCESS,4,True,0.9840702580606228,197.39571855885396,0.009168840921524908,0.9954188287650889,0.8817119360827388,24,210.51778238221294,195.25645312478434,True
prof-ARC-971448,ARCHETYPE_A_HIGH_ACCESS,3,True,0.9366097111792245,213.3104693974288,0.00010993410127405824,0.9332205819516821,0.9217051175504912,21,226.07528410217893,397.2267550220032,True
prof-ARC-292994,ARCHETYPE_A_HIGH_ACCESS,2,True,0.9809766592407869,180.9322790062504,8.894104273347774e-05,0.991724318999387,0.8621890014693391,26,448.14720016924394,343.2949781370358,True
prof-ARC-539358,ARCHETYPE_A_HIGH_ACCESS,2,True,0.9955894658990307,163.53752599755543,0.0011513906890266545,0.9520151183793328,0.962692952282165,23,277.57292049845654,198.01810405985046,True
prof-ARC-153311,ARCHETYPE_A_HIGH_ACCESS,2,True,0.9792828271432193,205.9725819902877,0.0010508082611889204,0.9860863500107492,0.88479670232812,22,376.6124613558355,494.8748269021179,True
prof-ARC-688216,ARCHETYPE_A_HIGH_ACCESS,2,True,0.9364151290998679,183.30777352466728,0.0015140751362938223,0.9741116588752887,0.9526596056931064,27,517.4372545908285,1533.9652545768363,True
prof-ARC-507974,ARCHETYPE_A_HIGH_ACCESS,4,True,0.919194061383858,224.08747612082658,3.225863321184559e-05,0.9433718373529126,0.8719207402328087,28,306.6210620651266,1068.443196344949,True
prof-ARC-803803,ARCHETYPE_A_HIGH_ACCESS,2,True,0.9935979405612726,179.16853301263802,0.005797970314467247,0.9723330293052517,0.9354701475763239,26,172.90734223282834,826.4442012749649,True
prof-ARC-186803,ARCHETYPE_A_HIGH_ACCESS,3,True,0.9513821094332244,178.2284375322048,0.0018523810647684753,0.9951272749264782,0.8908640999105432,31,85.33792426120226,684.4898960600136,True
prof-ARC-231004,ARCHETYPE_A_HIGH_ACCESS,4,True,0.9531401926451785,191.02859520629133,0.0006968065059772398,0.9615583271023467,0.8530494833358162,23,131.26301312719755,463.52835247125273,True
prof-ARC-798476,ARCHETYPE_A_HIGH_ACCESS,4,True,0.9852258590089084,199.0909718325879,2.7879443178809296e-05,0.9338003284132659,0.8633476614453703,21,274.04600554599654,204.51275531447172,True
prof-ARC-697578,ARCHETYPE_A_HIGH_ACCESS,4,True,0.9739460549913801,177.28877906644675,0.0007385847837503089,0.9700016282206637,0.7965016267259576,18,166.92212387646848,644.5093029794466,True
prof-ARC-771986,ARCHETYPE_A_HIGH_ACCESS,3,True,0.9463368043290646,166.2135317651473,0.002074446499509555,0.9959450719296719,0.8679252672539088,15,780.5668300929685,819.172370896731,True
prof-ARC-521837,ARCHETYPE_A_HIGH_ACCESS,2,True,0.9213822072071519,127.30916905084516,0.0010104282931134546,0.9691365776355342,0.8893121585455622,35,355.8545116791384,488.9041444219164,True
prof-ARC-453548,ARCHETYPE_A_HIGH_ACCESS,3,True,0.9807027156741666,151.05883722747856,0.0026220354948299175,0.9961858338570804,0.9391121963466117,22,289.78122559001366,531.0737332109323,True
prof-ARC-919472,ARCHETYPE_A_HIGH_ACCESS,2,True,0.8466811160891011,175.9098495895654,0.008058475575926297,0.9870988728172612,0.8756278241773853,20,182.7681233411078,449.91506023738395,True
prof-ARC-635857,ARCHETYPE_A_HIGH_ACCESS,3,True,0.989690119239852,146.46751038221475,0.0026888217501906593,0.9361071439420998,0.8582370557333161,16,184.56953131307537,356.88828299501967,True
prof-ARC-886939,ARCHETYPE_A_HIGH_ACCESS,4,True,0.9199828758244024,221.22064026399374,0.0015890649275223283,0.9880179910895499,0.8926155661414401,20,344.6127657959471,223.6599279034014,True
prof-ARC-369355,ARCHETYPE_A_HIGH_ACCESS,2,True,0.9483168031296504,200.46208470187895,0.00221502900680846,0.9619952020490649,0.9249839588080428,23,182.22028421205147,280.2234554504379,True
prof-ARC-851993,ARCHETYPE_A_HIGH_ACCESS,3,True,0.9843548755574062,157.04332901985921,0.0004921945313863024,0.9846943046594602,0.9317592487115913,25,135.86316543502275,523.4729367163342,True
prof-ARC-720740,ARCHETYPE_A_HIGH_ACCESS,3,True,0.9882455363218512,162.2247130436121,0.001153460848475445,0.9980546903063893,0.7868805499639889,19,571.2697065780758,1259.3779868995236,True
prof-ARC-545935,ARCHETYPE_A_HIGH_ACCESS,2,True,0.9207226710336234,170.32924347464274,0.0034373823539998274,0.975204069234748,0.8562950414813654,19,355.1341870721414,783.192891472644,True
prof-ARC-520888,ARCHETYPE_A_HIGH_ACCESS,2,True,0.9674453778800777,214.60771029950777,0.0009946233124032162,0.9930235750116277,0.9306917679305419,22,315.35861888776253,331.55364097585766,True
prof-ARC-428821,ARCHETYPE_A_HIGH_ACCESS,3,True,0.95484480953724,170.2063833284795,0.003140245259531865,0.989869127907086,0.8232054604954574,27,223.7685946109683,554.6514856530756,True
prof-ARC-914811,ARCHETYPE_A_HIGH_ACCESS,3,True,0.9070514979595355,190.19171578124272,0.00012146501684390927,0.9821290000200084,0.9654920826666528,23,552.5716910056765,83.40938107186874,True
prof-ARC-723773,ARCHETYPE_A_HIGH_ACCESS,4,True,0.9842325023436025,146.80141767956172,0.0007375866396059648,0.959780299337675,0.9423026989317436,25,523.9992620167017,132.1634062209359,True
prof-ARC-505237,ARCHETYPE_A_HIGH_ACCESS,3,True,0.9595505505429576,124.79766766482742,0.0026516544384920207,0.981197862902119,0.8930624717174837,25,706.4723467822608,462.86934078119,True
prof-ARC-243704,ARCHETYPE_A_HIGH_ACCESS,3,True,0.9375973715790333,133.96559605784108,0.0005691719318284807,0.9827229843285931,0.8283285120920195,31,566.9367895326033,698.9583907007184,True
prof-ARC-339608,ARCHETYPE_A_HIGH_ACCESS,2,True,0.9784168244034335,220.1076131269414,0.003034499956606348,0.9639500798264626,0.9771959211023493,14,404.87025924317237,341.7291548765106,True
prof-ARC-924930,ARCHETYPE_A_HIGH_ACCESS,4,True,0.9893019691228743,125.60300141990864,0.005069542845402944,0.9774747966876602,0.9470085017937573,32,169.04105108400057,308.9141455178219,True
prof-ARC-197462,ARCHETYPE_A_HIGH_ACCESS,2,True,0.924170616876928,138.81421645556807,0.0013813593846411635,0.9936345572398467,0.9617363836674478,33,177.83595374062844,519.5316071246613,True
prof-ARC-859990,ARCHETYPE_A_HIGH_ACCESS,2,True,0.9531495179763333,171.98620992177922,0.003269852608431616,0.914141947424589,0.9772303519982107,22,380.43831118964346,203.60563822939213,True
prof-ARC-799774,ARCHETYPE_A_HIGH_ACCESS,2,True,0.934215625102835,176.13302447645432,0.0021353770918008997,0.9656688142295051,0.9748336165975624,19,368.7353187778822,357.00997521751873,True
prof-ARC-174694,ARCHETYPE_A_HIGH_ACCESS,3,True,0.9408800943025919,139.66052917591725,0.0025200189487461647,0.9344504825153185,0.9092008143320862,32,415.1683716164295,353.34136987095684,True
prof-ARC-743789,ARCHETYPE_A_HIGH_ACCESS,3,True,0.9735284232685263,168.47285944608987,0.0023176659226309816,0.9252037757856114,0.9815721090573235,24,258.26866284553523,353.6513950067941,True
prof-ARC-708269,ARCHETYPE_A_HIGH_ACCESS,4,True,0.9951422205518593,209.8674454200609,0.0009947016481290758,0.9618883571680437,0.9888212876153355,25,212.14036433742305,649.3068523696637,True
prof-ARC-298159,ARCHETYPE_A_HIGH_ACCESS,3,True,0.9670687220741506,200.86570046895775,0.0005824983356638187,0.9640629288104663,0.9782071397426796,16,425.6136960305525,224.6756171610082,True
prof-ARC-578646,ARCHETYPE_A_HIGH_ACCESS,2,True,0.9887625008180453,176.8053635045836,0.003301052078667041,0.9543239588292208,0.9139376968845295,21,241.98131451026885,479.645212141135,True
prof-ARC-617965,ARCHETYPE_A_HIGH_ACCESS,4,True,0.8486869934057394,183.4679399119116,0.00043016386602457395,0.938184505808112,0.8079767794751621,22,261.5808393227147,223.56979549241825,True
prof-ARC-573656,ARCHETYPE_A_HIGH_ACCESS,2,True,0.9914300108127097,185.43188228313247,0.00015309178144346216,0.9448764284160999,0.830557714483258,33,253.23515519489018,365.5484675187093,True
prof-ARC-119782,ARCHETYPE_A_HIGH_ACCESS,3,True,0.871253965120181,169.84260057783135,0.001671322980099119,0.9639125870081284,0.9566380754342104,30,289.8974458875626,268.38355651689005,True
prof-ARC-673466,ARCHETYPE_A_HIGH_ACCESS,3,True,0.9879888661276622,196.7191288134146,0.00030638096653977555,0.9742766176284914,0.8556428268444961,22,311.2056807184978,173.96517915173254,True
prof-ARC-397542,ARCHETYPE_A_HIGH_ACCESS,4,True,0.9701823273635497,166.96557862351057,0.0073067301539814005,0.9783680702482478,0.970628409872169,25,332.91573987176434,85.77923890593209,True
prof-ARC-644344,ARCHETYPE_A_HIGH_ACCESS,3,True,0.9495212128183697,169.03482189044203,0.0018927299874822502,0.9865219113071524,0.9738075894974046,34,239.19222370068286,488.68338359973916,True
prof-ARC-964950,ARCHETYPE_A_HIGH_ACCESS,2,True,0.9303488612797185,152.17306941412625,0.001742775828629974,0.971671072787347,0.934974259600357,32,90.51181063313612,1302.4233889688037,True
prof-ARC-238925,ARCHETYPE_A_HIGH_ACCESS,4,True,0.9660401092410554,200.94962447268605,0.0017005173495304835,0.9342579203219753,0.8786927384818989,31,349.0707246675068,374.40706182444563,True
prof-ARC-839791,ARCHETYPE_A_HIGH_ACCESS,3,True,0.9650880568034162,168.33765524382653,0.0019522156226276313,0.9991203773349892,0.9201169400693107,27,150.85700502307049,1569.5667059219018,True
prof-ARC-135709,ARCHETYPE_A_HIGH_ACCESS,3,True,0.990006621073593,208.8091438884441,0.0015658913274242104,0.9579749834905451,0.9929762296325728,16,376.95348857885205,327.1230512631388,True
prof-ARC-407322,ARCHETYPE_A_HIGH_ACCESS,3,True,0.9872140677621135,243.37037664870866,0.0004361281175554015,0.9888490885995358,0.8783757090053463,19,344.3282629697497,1096.893597707372,True
prof-ARC-551448,ARCHETYPE_A_HIGH_ACCESS,3,True,0.9484090665238727,197.65958038147303,0.0025453158689872253,0.9428996075580331,0.9242473606186488,26,95.1234340432679,967.5965036831116,True
prof-ARC-496419,ARCHETYPE_A_HIGH_ACCESS,3,True,0.9906735849393908,154.97060777878283,0.0007756332145548104,0.9437364623599568,0.8777824201093547,25,169.1000499852879,634.017699344678,True
prof-ARC-642955,ARCHETYPE_A_HIGH_ACCESS,3,True,0.8980023421121254,118.04750861231038,0.0026634779632129894,0.9993882528693012,0.9377765592610133,27,573.8255917160451,79.6279387857316,True
prof-ARC-910935,ARCHETYPE_A_HIGH_ACCESS,3,True,0.9009838338702283,170.34022418119216,0.003590893366327909,0.9828652863045078,0.8583468647059945,35,164.9582895138899,352.4609655684937,True
prof-ARC-157939,ARCHETYPE_A_HIGH_ACCESS,3,True,0.9502556933148684,142.94158515701176,0.00023730626307825033,0.897920954630375,0.8308321217195316,27,365.426158228689,1066.9779436818574,True
prof-ARC-873429,ARCHETYPE_A_HIGH_ACCESS,2,True,0.9724421537174308,142.92486775943325,0.00013106835980535174,0.9557867355718246,0.9004403556036394,28,564.2491208690881,765.1189393628028,True
prof-ARC-768875,ARCHETYPE_A_HIGH_ACCESS,2,True,0.9262989773219603,208.85961567215523,0.0021114161516322606,0.9909873959521664,0.9018687659748913,20,429.9577745834983,160.36446357947852,True
prof-ARC-816825,ARCHETYPE_A_HIGH_ACCESS,4,True,0.9695181049852362,168.88499707477035,0.004027630370568914,0.9406872671860601,0.9860417124767995,25,156.07129723866282,906.2617832332465,True
prof-ARC-706306,ARCHETYPE_A_HIGH_ACCESS,2,True,0.9511170889716656,185.01111002179064,0.000886386818713105,0.9451441439058333,0.8817969828248317,15,182.19045970074106,224.0245298506273,True
prof-ARC-257699,ARCHETYPE_A_HIGH_ACCESS,4,True,0.973537585349491,136.75440519108514,0.002026857042652272,0.9681440488925559,0.9554320340852678,21,884.9534796992738,237.5847901835896,True
prof-ARC-823807,ARCHETYPE_A_HIGH_ACCESS,3,True,0.9957974745704038,208.73374843418716,0.00032621608416702876,0.9793829672663614,0.9631438367934848,25,257.04448775316183,584.8361829165574,True
prof-ARC-947214,ARCHETYPE_A_HIGH_ACCESS,3,True,0.9088392288867537,173.29671270410614,0.003071492977867055,0.9502383092387191,0.9575375491906706,30,195.60576376908193,421.0681047807932,True
prof-ARC-519876,ARCHETYPE_A_HIGH_ACCESS,4,True,0.9798138968184216,168.21173994580786,0.003120845604193606,0.9041616301984744,0.9309899431382322,32,285.2855294156722,225.1368773640192,True
prof-ARC-337268,ARCHETYPE_A_HIGH_ACCESS,2,True,0.999194177357071,169.47345679113002,0.00578828771643144,0.9719315182259501,0.9064865502755121,30,106.31664214913897,723.184689220415,True
prof-ARC-210084,ARCHETYPE_A_HIGH_ACCESS,2,True,0.9838228649479263,159.72558086900042,0.014234155831678624,0.9778390850252251,0.9699592719956999,35,139.3478074309111,670.5966919583564,True
prof-ARC-444912,ARCHETYPE_A_HIGH_ACCESS,3,True,0.9469524008005059,238.62891714075934,0.005375666465393572,0.9557573563772981,0.9070841255868869,14,209.77779025860636,385.3554743271102,True
prof-ARC-726701,ARCHETYPE_A_HIGH_ACCESS,2,True,0.9452036220234582,185.32137512743404,0.003494709844668946,0.9893589931741302,0.960973729443486,31,193.48455143918784,722.8881382102272,True
prof-ARC-982608,ARCHETYPE_A_HIGH_ACCESS,3,True,0.9674831493382113,154.91813543699925,0.0001822439733505531,0.9123833120188929,0.9638191948015393,39,131.2190406693153,480.3611585151614,True
prof-ARC-207669,ARCHETYPE_A_HIGH_ACCESS,2,True,0.9787858576908172,192.37891869197628,0.0001009513290471825,0.9760564041667048,0.9666845357228872,31,480.48289023450155,347.2396059847553,True
prof-ARC-738449,ARCHETYPE_A_HIGH_ACCESS,3,True,0.9880897566100136,175.82849040638405,0.00046530745885839256,0.9713537781999064,0.965782262726746,24,164.63621404080993,283.9618560524199,True
prof-ARC-307383,ARCHETYPE_A_HIGH_ACCESS,4,True,0.9643613591357199,125.39556534012513,0.0025758510908130586,0.9518555130645425,0.965807701538847,29,313.90584087958666,461.40326404514246,True
prof-ARC-495797,ARCHETYPE_A_HIGH_ACCESS,3,True,0.9818262981957223,230.98307949026128,0.002400082681408868,0.9314946287367247,0.8949663236128416,25,532.9570920864915,709.6054560336269,True
prof-ARC-126505,ARCHETYPE_A_HIGH_ACCESS,3,True,0.9974482782325154,178.57887892366693,0.0007978633336360124,0.9696166682214218,0.9612782724611086,30,286.8484971967744,485.14224753983956,True
prof-ARC-513532,ARCHETYPE_A_HIGH_ACCESS,3,True,0.9813399777406463,161.63831320609765,0.0033477645469002395,0.9897187406713666,0.940842301897033,25,156.5282895470561,518.1077563308571,True
prof-ARC-637691,ARCHETYPE_A_HIGH_ACCESS,4,True,0.9498659845695194,167.81272653391417,0.0009994578371162863,0.996714622757336,0.8983931618034837,28,124.11905551231122,896.2586215013189,True
prof-ARC-856322,ARCHETYPE_A_HIGH_ACCESS,3,True,0.9470583009820681,195.74417389172046,0.000447683373556149,0.9396787728872288,0.9589264118981192,30,113.87297194054949,212.72629091062353,True
prof-ARC-246692,ARCHETYPE_A_HIGH_ACCESS,2,True,0.9983763685666938,210.04099368872588,0.004361529804051014,0.9367625735644348,0.8681928483133472,21,213.51938810013473,355.13541987937737,True
prof-ARC-572312,ARCHETYPE_A_HIGH_ACCESS,3,True,0.9565912558144505,204.87641822478767,0.0038982228574879307,0.9959629187196507,0.942692900163578,26,219.42239044451495,151.59845815258655,True
prof-ARC-189051,ARCHETYPE_A_HIGH_ACCESS,3,True,0.9409815164147189,162.59951002038946,0.00028415332750864346,0.9721432902577419,0.8316207845787648,28,455.6008809794024,305.91220859710194,True
prof-ARC-385248,ARCHETYPE_A_HIGH_ACCESS,2,True,0.9985561538746349,199.67914394878926,0.0004763400947052868,0.9208227712443887,0.9584016889048582,21,177.6305130696593,130.6526519702743,True
prof-ARC-848224,ARCHETYPE_A_HIGH_ACCESS,3,True,0.9759304809052638,186.87440503497336,0.0006926934314910633,0.9335017667909982,0.8557383144719007,36,279.44583926375293,231.19169626144,True
prof-ARC-203535,ARCHETYPE_A_HIGH_ACCESS,4,True,0.9525609530615705,251.9549582007969,0.00020182167292840333,0.9806146964463193,0.9591645400609767,23,191.11900036107596,344.9978179560751,True
prof-ARC-195419,ARCHETYPE_A_HIGH_ACCESS,3,True,0.7541409457817082,195.02494773012634,0.002330163310894477,0.9571556064810215,0.8275328406952098,24,123.5660939444506,503.7736872366075,True
prof-ARC-752192,ARCHETYPE_A_HIGH_ACCESS,3,True,0.9860435580722801,139.9484371371931,0.0032836652034747885,0.9235495674076785,0.8483665390342253,16,264.8010531984492,207.03690569548792,True
prof-ARC-915915,ARCHETYPE_A_HIGH_ACCESS,3,True,0.8386861649953118,164.78556771683515,0.0026672854288251114,0.9910328534411081,0.9816064880938267,19,98.91629209934364,860.6134852636567,True
prof-ARC-653006,ARCHETYPE_A_HIGH_ACCESS,4,True,0.9278805976679316,233.28261841140193,0.002682187387666958,0.9882486715472389,0.9175566886082854,24,264.8184806658085,703.3742595643408,True
prof-ARC-331408,ARCHETYPE_A_HIGH_ACCESS,3,True,0.8956944521848391,191.43503122471805,6.128863205305467e-05,0.9931736738729874,0.8680239259417322,23,158.4442839539578,491.5607273782397,True
prof-ARC-271999,ARCHETYPE_A_HIGH_ACCESS,3,True,0.965287315939618,179.50168973022272,0.0025394371074639282,0.9658272019567008,0.9158613626128742,24,126.72978325930401,508.68531937407477,True
prof-ARC-475574,ARCHETYPE_A_HIGH_ACCESS,2,True,0.9975783116918943,187.7673824262833,0.0013821846178827017,0.9214528916071715,0.8209079862199755,16,343.5145869834622,609.9651878404545,True
prof-ARC-377749,ARCHETYPE_A_HIGH_ACCESS,4,True,0.9458958421550412,147.75106116822548,0.000937150468023728,0.9901274458784276,0.9296266050026024,24,226.1337206038845,192.30690738694608,True
prof-ARC-594064,ARCHETYPE_A_HIGH_ACCESS,3,True,0.9851203499003465,174.64043642903414,0.007786528453538588,0.9990076560560287,0.9255199323594816,27,115.22414371784373,249.63607147547333,True
prof-ARC-154943,ARCHETYPE_A_HIGH_ACCESS,3,True,0.9996152841862838,208.5391873289845,0.0003098259117609003,0.9709224908337339,0.8890143898570324,24,178.96847645754372,715.6287610355506,True
prof-ARC-299294,ARCHETYPE_A_HIGH_ACCESS,3,True,0.987696516677478,163.5014934167857,0.0015187455456054698,0.9029828842093255,0.9047138237847763,25,238.92477782504764,434.1299230248881,True
prof-ARC-623321,ARCHETYPE_A_HIGH_ACCESS,2,True,0.9656696493216009,156.3034707249924,0.0023032021734847243,0.9654412180979709,0.9416534810365612,38,395.0134502369331,453.0541558879021,True
prof-ARC-207724,ARCHETYPE_A_HIGH_ACCESS,2,True,0.9455807437249458,198.79398275332758,0.0014443547921599031,0.9999763940028933,0.9403902255605557,24,267.83928542038836,410.9546297475823,True
prof-ARC-684379,ARCHETYPE_A_HIGH_ACCESS,3,True,0.9862580706278197,141.90004207818373,0.0024235149729946418,0.9929136227699995,0.9558564020656055,25,279.4242761438215,397.60549681655266,True
prof-ARC-299121,ARCHETYPE_A_HIGH_ACCESS,3,True,0.9346223946502739,129.27985117180646,0.0014142607033003913,0.9881252903813373,0.965724659398384,22,188.61405894911184,540.0765425288391,True
prof-ARC-953415,ARCHETYPE_A_HIGH_ACCESS,2,True,0.9163686302887678,143.8621905626601,0.00042529032993329123,0.969916160865176,0.9882826553716328,26,233.67032396237602,562.6087150333817,True
prof-ARC-608670,ARCHETYPE_A_HIGH_ACCESS,3,True,0.9111939607292964,175.25083565971008,0.0013688808418191392,0.9738634078871152,0.8859182655833617,21,464.5493845147419,574.0482964189235,True
prof-ARC-978691,ARCHETYPE_A_HIGH_ACCESS,3,True,0.9621442938561714,147.79682642677534,0.004117169175726516,0.9670892086714566,0.9079067513442219,18,442.3970272827982,550.8361156574878,True
prof-ARC-341474,ARCHETYPE_A_HIGH_ACCESS,2,True,0.9869116080037509,159.68429287040118,0.003540120492030301,0.9880606224538925,0.9151770413912254,19,240.28715708591753,292.79006099512577,True
prof-ARC-159946,ARCHETYPE_A_HIGH_ACCESS,2,True,0.999505696559979,185.5363590701804,0.0007713500173757305,0.9821800713620759,0.9732354947772729,17,202.89183734753823,227.39943612166005,True
prof-ARC-755915,ARCHETYPE_A_HIGH_ACCESS,2,True,0.9576581604680495,128.56637838824528,0.0028890284220027575,0.9461357502614474,0.9740375649917907,17,365.0663001350757,2029.7235845419557,True
prof-ARC-846777,ARCHETYPE_A_HIGH_ACCESS,2,True,0.9504613489590585,165.10404793554093,0.0002357148793241258,0.9174610674278162,0.964288011585287,27,139.0006782829247,1094.7044523461534,True
prof-ARC-490447,ARCHETYPE_A_HIGH_ACCESS,3,True,0.9902314342551077,208.67812427293094,0.0006728237463969884,0.9188375693180594,0.7840443733072545,24,64.76477009053065,622.0052523963151,True
prof-ARC-985114,ARCHETYPE_A_HIGH_ACCESS,3,True,0.996328482863169,246.16588704796243,0.0020030603773627574,0.9530509371872596,0.8864958343494319,26,397.3368910398503,537.8958828036997,True
prof-ARC-386305,ARCHETYPE_A_HIGH_ACCESS,3,True,0.8529951415522112,147.69073361008475,0.0021264722450194543,0.999249501844291,0.925061414244628,26,133.8605216492173,393.4816419008132,True
prof-ARC-748565,ARCHETYPE_A_HIGH_ACCESS,2,True,0.9002449694073688,196.9452707580037,0.0019386444799954254,0.9857126269212465,0.9803920409336255,25,73.53233467829037,655.1221544831325,True
prof-ARC-201735,ARCHETYPE_A_HIGH_ACCESS,3,True,0.8750026980804172,158.1353070272116,0.0021961607954688843,0.9837759984147598,0.9227662982136413,24,187.85779258912612,350.0609949751128,True
prof-ARC-416790,ARCHETYPE_A_HIGH_ACCESS,2,True,0.9877151324449829,105.85320275057218,0.001880613889095846,0.9646268463577969,0.8710658558788577,32,320.2870031280897,304.43344669607245,True
prof-ARC-419586,ARCHETYPE_A_HIGH_ACCESS,4,True,0.9653817835924907,172.03843802685677,0.001980714070765842,0.9677252102762384,0.8997287759100897,26,231.66044503715807,547.5174386031264,True
prof-ARC-871279,ARCHETYPE_A_HIGH_ACCESS,4,True,0.9815330612197103,201.28057543365952,9.789171703950045e-05,0.9806554464275862,0.9421117675892609,15,274.06240698423954,198.8689182097228,True
prof-ARC-337777,ARCHETYPE_A_HIGH_ACCESS,3,True,0.9649754425715593,197.15301163713502,0.0006018110353594036,0.9847428394516682,0.9063993035476402,21,345.32706290053284,317.2570423052755,True
prof-ARC-960321,ARCHETYPE_A_HIGH_ACCESS,4,True,0.9964021609506634,216.1378373810517,0.011305043402926745,0.9720330333396718,0.9387067683383133,21,205.8278902750285,417.61557636738746,True
prof-ARC-816605,ARCHETYPE_A_HIGH_ACCESS,4,True,0.9400934585002193,194.4997448175841,0.006585226918257052,0.9754486600307682,0.9626773295646746,23,871.0425359220092,632.3280797891767,True
prof-ARC-521001,ARCHETYPE_A_HIGH_ACCESS,3,True,0.9823363070170039,208.78072078513492,0.0010659247984727911,0.8888243981700062,0.9328473271014113,26,214.37093948344176,583.6739679618163,True
prof-ARC-530423,ARCHETYPE_A_HIGH_ACCESS,3,True,0.9209919548304895,132.53330499760568,0.003713192785068238,0.9921207307279487,0.9482172451092209,26,415.3041710537695,374.43886065532485,True
prof-ARC-640997,ARCHETYPE_A_HIGH_ACCESS,3,True,0.9373064766757356,189.61295378840296,0.001629497408642718,0.9662798306302269,0.8906356046379879,25,371.5947997248916,525.2611062626496,True
prof-ARC-685581,ARCHETYPE_A_HIGH_ACCESS,3,True,0.9791234708026656,150.23869317668598,0.0017618611127095628,0.9872289018396074,0.9298736877583238,32,246.62005118265557,531.6751087055776,True
prof-ARC-855027,ARCHETYPE_A_HIGH_ACCESS,3,True,0.9673056755252714,199.3733727871089,0.004079078183247597,0.9836629207751411,0.9711640490714494,27,192.53907942941032,646.9591354126258,True
prof-ARC-405163,ARCHETYPE_A_HIGH_ACCESS,2,True,0.9555845107280244,251.45140595197637,0.0008783987342034039,0.9694459903037295,0.8974869646464967,21,200.92307320053823,480.3806632691115,True
prof-ARC-988407,ARCHETYPE_A_HIGH_ACCESS,3,True,0.987350382290886,187.26740951794875,0.002298866155636896,0.9532244378139728,0.9243968851373165,36,471.75393234012773,1540.5831737693727,True
prof-ARC-156572,ARCHETYPE_A_HIGH_ACCESS,2,True,0.9188480259581918,179.19746263277585,0.004206767487630563,0.9677267134857747,0.9711184455204942,24,186.92606481488534,247.3237924803296,True
prof-ARC-246826,ARCHETYPE_A_HIGH_ACCESS,3,True,0.9156823401965787,217.95947942971878,0.0007456568599832568,0.9887615321375638,0.9325993415611517,25,450.84060629163656,498.22893622680647,True
prof-ARC-387906,ARCHETYPE_A_HIGH_ACCESS,3,True,0.999264382125907,135.8853134630625,0.0016586549481587066,0.941808221506374,0.9043575361150648,30,451.3264145613059,1037.1590067958518,True
prof-ARC-313299,ARCHETYPE_A_HIGH_ACCESS,2,True,0.9194871856059348,160.53381001896946,0.0005405624015412222,0.991731890199695,0.9585187062544794,26,366.95849520515566,485.47487789521097,True
prof-ARC-103196,ARCHETYPE_A_HIGH_ACCESS,3,True,0.9815658327999737,174.59457505881392,0.0004764438016704731,0.8953300403415915,0.8655210638072056,24,271.82310898180725,135.7310049452368,True
prof-ARC-236262,ARCHETYPE_A_HIGH_ACCESS,2,True,0.9913568475043013,158.27441202174444,0.0018261322274646685,0.978773000296851,0.9494188486411599,30,97.29152507720059,214.1905214124605,True
prof-ARC-516512,ARCHETYPE_A_HIGH_ACCESS,3,True,0.9820969607974105,198.41312567369727,0.005465448347723031,0.9883138045390254,0.9609506716895955,38,91.91941649534597,418.6896744440191,True
prof-ARC-922922,ARCHETYPE_A_HIGH_ACCESS,3,True,0.9538187415988284,197.3457568516676,0.006155699945678521,0.9975933663720173,0.9379614180098195,25,491.068838502654,856.2573157350969,True
prof-ARC-545899,ARCHETYPE_A_HIGH_ACCESS,3,True,0.864191845038613,198.2620676737325,0.000450639261524949,0.9962830114218015,0.9658741475867672,33,146.19317555394267,181.55831941818693,True
prof-ARC-675932,ARCHETYPE_A_HIGH_ACCESS,3,True,0.9531428689807944,226.43961161024214,0.0019212412732699964,0.9758880635910153,0.9150814216887091,21,207.4582655740067,223.8685844803688,True
prof-ARC-109921,ARCHETYPE_A_HIGH_ACCESS,3,True,0.9729716416186187,186.24165095472162,0.0008590380997149246,0.9400885907642751,0.962454649534518,24,337.7472099828225,224.11130625272406,True
prof-ARC-863210,ARCHETYPE_A_HIGH_ACCESS,3,True,0.8710357744799241,174.87760081505078,0.00503417033296122,0.9982848889052734,0.8926424356274619,25,180.0992998054735,265.4509637458164,True
prof-ARC-743786,ARCHETYPE_A_HIGH_ACCESS,3,True,0.9540565955300623,174.71857511919146,0.003756196335636246,0.9921891786565167,0.9266830557464212,19,384.04102702018935,278.5249677912547,True
prof-ARC-919444,ARCHETYPE_A_HIGH_ACCESS,3,True,0.9814864876169787,208.56090394311903,8.525638851914597e-06,0.9641199418904481,0.9604395183154706,17,356.83389379255823,483.121239618917,True
prof-ARC-402138,ARCHETYPE_A_HIGH_ACCESS,3,True,0.8829248259241294,108.47079633642763,0.00591378012471588,0.9829706938567253,0.9815792689446132,15,228.5149300578349,108.13392639599336,True
prof-ARC-688510,ARCHETYPE_A_HIGH_ACCESS,3,True,0.9948863054135014,183.11879036890633,0.00232841749092061,0.9985322912018759,0.8283944117547405,23,203.72193696767468,214.63732470664044,True
prof-ARC-927401,ARCHETYPE_A_HIGH_ACCESS,3,True,0.9964913679875748,193.24885945256747,0.0029597159295010394,0.9917379592033662,0.8414619073499632,20,179.95928091393594,320.5605229930862,True
prof-ARC-817723,ARCHETYPE_A_HIGH_ACCESS,2,True,0.9884521915824807,153.90665901584893,0.0037170737147622338,0.9642504251613517,0.8932273423177971,31,125.21151974956724,445.575082979558,True
prof-ARC-812392,ARCHETYPE_A_HIGH_ACCESS,2,True,0.985841980412629,178.09279382441636,0.004480092546741273,0.995696166401675,0.9277853858821635,35,215.70748787141008,774.8165221367832,True
prof-ARC-766775,ARCHETYPE_A_HIGH_ACCESS,3,True,0.9789977171957414,184.23873082221309,0.0014796856044704374,0.9291507285102534,0.937757595505881,24,247.8057937487649,603.3425400686045,True
prof-ARC-278901,ARCHETYPE_A_HIGH_ACCESS,3,True,0.9971180216035938,186.73251623832348,0.0002659682419782014,0.9926458455793586,0.9353396158630641,15,307.8143990460695,540.0712950857105,True
prof-ARC-710598,ARCHETYPE_A_HIGH_ACCESS,3,True,0.9939553597360294,153.82099409658184,0.0030263355089744522,0.9748361649690015,0.9690032747750503,16,264.78252252141505,555.0184021491915,True
prof-ARC-853241,ARCHETYPE_A_HIGH_ACCESS,3,True,0.9206939490511646,205.83621168198098,0.002063187495896956,0.9643837967985454,0.9684789260435454,27,246.03502606463576,663.5024582646303,True
prof-ARC-491758,ARCHETYPE_A_HIGH_ACCESS,4,True,0.9653381557115283,202.81518358752427,0.002826931288607432,0.9986075701503903,0.9899148747758518,25,211.08245839890577,922.4935769847486,True
prof-ARC-697202,ARCHETYPE_A_HIGH_ACCESS,2,True,0.9409132726272358,112.41548822852491,0.0008200753052964324,0.9769224997350798,0.9407517102682446,33,214.14320962457268,650.6090840245737,True
prof-ARC-959375,ARCHETYPE_A_HIGH_ACCESS,4,True,0.9940346299203076,175.53158115300837,0.0002848276001493097,0.9821838118522226,0.9766193857425228,25,224.94826282337,818.5672867026526,True
prof-ARC-541144,ARCHETYPE_A_HIGH_ACCESS,2,True,0.9741286783174444,178.34056324163544,0.0015256813610122592,0.9752288966366444,0.9631890844246674,22,258.50317193661124,224.256741104641,True
prof-ARC-446997,ARCHETYPE_A_HIGH_ACCESS,4,True,0.9695156420839005,182.61049441177158,0.0007015778950069223,0.9538410775426737,0.9501340062225299,22,296.5273382801278,310.96361824853307,True
prof-ARC-911146,ARCHETYPE_A_HIGH_ACCESS,3,True,0.9817888115323458,215.01492052423134,0.00017238262019662678,0.9933366272420807,0.8934662518602817,27,184.84580874440965,881.8324921052608,True
prof-ARC-817368,ARCHETYPE_A_HIGH_ACCESS,3,True,0.8717941723307758,194.70544552472225,0.00015712338401966753,0.9926751597050978,0.8542980456774305,24,124.21511085153334,720.4864078040555,True
prof-ARC-992081,ARCHETYPE_A_HIGH_ACCESS,2,True,0.9194807698355909,151.9266085240051,0.0007643774377661446,0.9929443610857356,0.8619861528972662,17,450.86796384070874,181.17927103190027,True
prof-ARC-505218,ARCHETYPE_A_HIGH_ACCESS,3,True,0.987284420085041,193.71972843260298,0.005233181502128215,0.9893989170797903,0.8687868177855643,22,214.68020518768992,2588.8774932080514,True
prof-ARC-382488,ARCHETYPE_A_HIGH_ACCESS,3,True,0.8641741360221007,188.8569772512181,0.002459878403298336,0.9873809535328344,0.9808943912970371,28,288.3816927840788,460.0698609184107,True
prof-ARC-576984,ARCHETYPE_A_HIGH_ACCESS,2,True,0.9728791893576895,204.66366017456818,0.002417932414347332,0.9714136529231492,0.8715134422850549,20,156.88606432821288,1074.086165008047,True
prof-ARC-583791,ARCHETYPE_A_HIGH_ACCESS,2,True,0.948965160647165,200.17877282615856,0.0009585191482773731,0.994251378521424,0.9806354783933419,30,84.60777865395877,131.46204319284396,True
prof-ARC-820892,ARCHETYPE_A_HIGH_ACCESS,2,True,0.9574796636053597,140.13614674453075,0.0021373156737062833,0.9984832703491638,0.9828311011213522,24,346.8163426087049,421.47835641334393,True
prof-ARC-411896,ARCHETYPE_A_HIGH_ACCESS,2,True,0.9617030046210232,139.20092429642477,0.002327364419009442,0.9779812083387963,0.8751819795459514,24,115.55674701103919,370.28761769913115,True
prof-ARC-487405,ARCHETYPE_A_HIGH_ACCESS,3,True,0.8495730699734941,212.1029545448182,0.003559674059462057,0.9849716213637003,0.8587276262254437,19,347.9426679611486,409.9093603405097,True
prof-ARC-120946,ARCHETYPE_A_HIGH_ACCESS,3,True,0.9448100326613668,195.17206297418397,0.0018339400608822526,0.9711856558555868,0.9445299638244091,26,312.02572013219606,593.7594438833247,True
prof-ARC-971171,ARCHETYPE_A_HIGH_ACCESS,2,True,0.9604760539156989,163.23437672247007,0.0014003562213940517,0.9735207074264348,0.9724340902089774,34,420.28571669725426,227.10691357441672,True
prof-ARC-177256,ARCHETYPE_A_HIGH_ACCESS,3,True,0.9963541314806478,171.23774095180372,0.0014113926842705688,0.98551246326475,0.9384196853820123,21,247.8175125930313,470.6781197852493,True
prof-ARC-497751,ARCHETYPE_A_HIGH_ACCESS,3,True,0.9530008670818522,139.79829328917572,0.0014308921278215847,0.9963744262811771,0.8981242692407806,26,244.78438301438123,480.9537444568978,True
prof-ARC-237852,ARCHETYPE_A_HIGH_ACCESS,3,True,0.9178376097936788,222.47749072367577,0.002335789928029274,0.9137181655951927,0.8981716980610265,32,234.76080203225786,183.93888047106614,True
prof-ARC-392164,ARCHETYPE_A_HIGH_ACCESS,3,True,0.9170581404318746,196.81500715998644,0.0037037715641350184,0.9719898879441828,0.9618027074425133,38,240.66894897972418,276.25296746305503,True
prof-ARC-206242,ARCHETYPE_A_HIGH_ACCESS,3,True,0.9521020170898142,175.57979320135482,0.004418209775918081,0.9170083228945485,0.9385311005918463,15,211.50640661962922,124.04773672545518,True
prof-ARC-384257,ARCHETYPE_A_HIGH_ACCESS,3,True,0.9241149964374621,154.180332224663,0.0013020280388549676,0.9488268596090195,0.9332048606738569,31,183.56395843154294,301.0081430388002,True
prof-ARC-923837,ARCHETYPE_A_HIGH_ACCESS,3,True,0.9581722666746758,202.5207838538696,0.0008235271856137622,0.9798369342507582,0.9363520692270557,25,351.1535150310102,637.1488563924141,True
prof-ARC-872592,ARCHETYPE_A_HIGH_ACCESS,3,True,0.9654630319018053,160.6689281835141,0.0041862937193987825,0.9273351385846791,0.9497816618941411,26,283.6525976173751,281.64977262124665,True
prof-ARC-863445,ARCHETYPE_A_HIGH_ACCESS,3,True,0.9315433306565373,177.146650568977,0.0005493871880779739,0.920970987834515,0.9162707400611025,17,276.63585282898066,421.277576107219,True
prof-ARC-584103,ARCHETYPE_A_HIGH_ACCESS,2,True,0.9794003751398539,205.10927618079717,0.0016844599571801638,0.9670040794733679,0.978930274483623,18,86.07464469953112,2048.938126447222,True
prof-ARC-126797,ARCHETYPE_A_HIGH_ACCESS,2,True,0.9134485904638993,193.86787393362613,0.00019421164143038292,0.9906418548223195,0.9379104585666646,28,186.10224716517868,199.7561464923207,True
prof-ARC-562326,ARCHETYPE_A_HIGH_ACCESS,3,True,0.9137088652258918,201.76301374706674,0.002008649540276438,0.9780853874678332,0.8329587348502925,26,245.10531797083817,310.6371299584591,True
prof-ARC-572517,ARCHETYPE_A_HIGH_ACCESS,2,True,0.9833745114577533,201.73775336169368,0.0005822793249336863,0.9754356600653861,0.9899273353760383,24,381.8412947130298,797.5692841529808,True
prof-ARC-112834,ARCHETYPE_B_FEE_BURDENED,1,True,0.958867693125459,266.1354365970425,0.1857259808885844,0.6832144828463237,0.5737403620996089,10,31.02376532796254,69.21274597120534,False
prof-ARC-389258,ARCHETYPE_B_FEE_BURDENED,1,True,0.9291675427433094,464.5955633409343,0.15101255633014185,0.5006346722841647,0.5626196666763676,8,83.4511147094849,33.31846587952408,False
prof-ARC-648723,ARCHETYPE_B_FEE_BURDENED,2,True,0.9424360373558327,261.4636521103604,0.15569645697172496,0.8294258063745992,0.6721114537441323,11,39.24615377880027,9.04228391335861,False
prof-ARC-818693,ARCHETYPE_B_FEE_BURDENED,2,True,0.7433472295988748,382.9477067390518,0.08463694769780504,0.9474205613470594,0.48677555230490815,10,75.24499217826181,48.39866157249308,True
prof-ARC-362640,ARCHETYPE_B_FEE_BURDENED,2,True,0.9519198368627615,415.0322621133026,0.11126715581011946,0.6964988951231936,0.7073038572799764,7,43.567695135405515,13.696562740832883,True
prof-ARC-159980,ARCHETYPE_B_FEE_BURDENED,2,True,0.8889621552621227,422.4410054168858,0.06817719336911172,0.870959675983517,0.7076830360517773,15,50.808766877089255,53.48536971504288,True
prof-ARC-998201,ARCHETYPE_B_FEE_BURDENED,1,True,0.8694646083907396,318.0737806022791,0.12673996840767657,0.8166828808727025,0.5181378200950268,11,48.281767870549224,46.781770341861694,True
prof-ARC-917276,ARCHETYPE_B_FEE_BURDENED,1,True,0.6933698522039822,358.8889069292493,0.0778672404781698,0.8777418843490837,0.6840056131551636,9,62.425120969338785,31.2584534311738,False
prof-ARC-886198,ARCHETYPE_B_FEE_BURDENED,1,True,0.6784272633161299,342.5567386652289,0.06986325004138313,0.7805744659483824,0.7478812392567106,17,89.21466870847982,50.55378592626842,False
prof-ARC-914883,ARCHETYPE_B_FEE_BURDENED,2,True,0.7217295654196639,395.3272078554982,0.10093221055237801,0.8758939790715501,0.7095380160650768,9,124.86111160652474,21.08570950785098,True
prof-ARC-309304,ARCHETYPE_B_FEE_BURDENED,2,True,0.8847219644182234,344.30554036164887,0.13347350990084467,0.7219764496406401,0.736096461095865,9,33.011005514165696,15.425487830097602,True
prof-ARC-597981,ARCHETYPE_B_FEE_BURDENED,2,True,0.7832719328954801,378.61926161539515,0.05304659846514235,0.8517157750755532,0.38508762495253984,7,58.52807292681144,32.07851788299685,True
prof-ARC-758299,ARCHETYPE_B_FEE_BURDENED,2,True,0.9219207308069595,335.40680754301195,0.07196327076550307,0.7213431786711296,0.5712285072651132,13,86.10264867021633,81.52415545603736,False
prof-ARC-772634,ARCHETYPE_B_FEE_BURDENED,1,True,0.7810408805591034,307.51395392611516,0.1030278944541068,0.9272185109087531,0.6203027993106607,9,90.13979548060998,47.06690492942019,True
prof-ARC-997172,ARCHETYPE_B_FEE_BURDENED,1,True,0.9297280420048902,301.49093851017597,0.17384248810880817,0.5974740001189461,0.8078049913298573,7,60.85894209634352,30.00434874787976,False
prof-ARC-745687,ARCHETYPE_B_FEE_BURDENED,1,True,0.8896102249720558,432.3425043345892,0.1646913883221505,0.9271064321625527,0.8301537229508633,9,78.29046700577514,30.87374617262994,False
prof-ARC-970139,ARCHETYPE_B_FEE_BURDENED,2,True,0.877258046682612,353.4061425070326,0.062119629362474664,0.8832520217417853,0.5303562455854699,9,77.98244450392684,44.29584522089996,False
prof-ARC-571386,ARCHETYPE_B_FEE_BURDENED,1,True,0.9265119639633955,382.2331297437301,0.05037634955495878,0.9021117089904042,0.7551054254945408,11,53.87473857579601,45.10729603803173,True
prof-ARC-195028,ARCHETYPE_B_FEE_BURDENED,2,True,0.8530132500866214,407.80033347255636,0.06312215512941048,0.8635491432497105,0.9590349006393665,13,29.556404543697898,17.794250228867718,False
prof-ARC-833282,ARCHETYPE_B_FEE_BURDENED,1,True,0.9054436652915877,286.0140857515683,0.042305021505655876,0.7902478994364246,0.7551334330685657,11,83.01865261111993,50.49514716158838,False
prof-ARC-557141,ARCHETYPE_B_FEE_BURDENED,2,True,0.9841055440025122,444.0401759396658,0.02510347484832211,0.9480227182538828,0.5478723283604185,11,56.9769660001869,22.61901727306698,True
prof-ARC-179876,ARCHETYPE_B_FEE_BURDENED,1,True,0.9719662783483757,411.1474277395423,0.06185889819013494,0.7494831505891114,0.6776635492788379,15,48.5937800146033,41.430532044780875,True
prof-ARC-218998,ARCHETYPE_B_FEE_BURDENED,2,True,0.7780845890245377,395.4549843273795,0.042127553456647614,0.876050320763658,0.7295965460267761,2,45.85119114941788,34.63140832566838,False
prof-ARC-294941,ARCHETYPE_B_FEE_BURDENED,1,True,0.8540756010366186,357.16531525000016,0.0879692096028915,0.8301641818580343,0.6736362752223284,16,62.46939882246786,59.914263543522516,False
prof-ARC-205940,ARCHETYPE_B_FEE_BURDENED,2,True,0.9325917299910245,429.1240314662281,0.0492879378877703,0.806146135269809,0.5497261429088124,6,109.31834896274349,14.120797158036245,False
prof-ARC-419118,ARCHETYPE_B_FEE_BURDENED,1,True,0.8661436489185718,314.91247789346073,0.1928682271023377,0.794754051827503,0.7003118032617421,9,35.61634614228716,15.701698088315755,True
prof-ARC-207009,ARCHETYPE_B_FEE_BURDENED,1,True,0.9649973334311568,325.94409705647047,0.060093415856786826,0.8675143653135734,0.786768706975789,10,33.77356480289196,34.55383452397207,False
prof-ARC-190005,ARCHETYPE_B_FEE_BURDENED,2,True,0.7634678888382189,366.20182213532667,0.08939769740747079,0.9194065242463482,0.4447014869422596,12,34.868947830428446,23.361406265574963,False
prof-ARC-405858,ARCHETYPE_B_FEE_BURDENED,2,True,0.8866412216745743,413.9343853802829,0.038104782268778586,0.6350349438037495,0.7121987981304244,10,66.65509778014881,42.99019138421955,False
prof-ARC-734322,ARCHETYPE_B_FEE_BURDENED,1,True,0.501770548715744,344.43535461973465,0.058836562475539304,0.733049683803126,0.7880793970602796,6,96.6635356921618,13.663928866299527,False
prof-ARC-209525,ARCHETYPE_B_FEE_BURDENED,1,True,0.6165496074508253,293.94153398089463,0.02230421865715238,0.91576247136835,0.639946641384449,14,82.21575604479362,59.025166330858475,False
prof-ARC-119659,ARCHETYPE_B_FEE_BURDENED,2,True,0.9566644735301489,382.204771112098,0.05712611453918436,0.7750657101834137,0.6697953150321242,12,115.0415106582589,45.02235616545416,False
prof-ARC-823704,ARCHETYPE_B_FEE_BURDENED,1,True,0.7307838433987396,313.9893989496605,0.05892259745811737,0.7581507744129165,0.7746615199443014,10,50.19256980619384,23.493660608630694,True
prof-ARC-896787,ARCHETYPE_B_FEE_BURDENED,1,True,0.9569039464512411,478.02514796778416,0.07664175931741511,0.6051279790658279,0.5767842684057257,7,59.45401316185562,58.86481389780293,False
prof-ARC-400065,ARCHETYPE_B_FEE_BURDENED,1,True,0.945036790198601,414.9993686131067,0.12011021612940423,0.5769043239069154,0.6635219732781217,12,40.42131873353484,125.64401256462145,False
prof-ARC-470480,ARCHETYPE_B_FEE_BURDENED,1,True,0.8746709163942384,351.17881222152556,0.08982519795993042,0.771117734936555,0.6876778264441974,5,85.97048353254797,25.86330733224389,False
prof-ARC-982171,ARCHETYPE_B_FEE_BURDENED,1,True,0.6037026554723403,382.69166115311896,0.08885013872933363,0.9075602977436794,0.7537676076380865,12,97.99711776791833,28.73768819790379,False
prof-ARC-108798,ARCHETYPE_B_FEE_BURDENED,2,True,0.8229620900550902,477.36298448585956,0.08777120314106435,0.967945658905016,0.5942970975544211,11,79.74140082363417,54.35190467450311,False
prof-ARC-330314,ARCHETYPE_B_FEE_BURDENED,1,True,0.7541017509485509,281.7947003090821,0.06487083511389002,0.8873957513465702,0.6344425675452183,8,59.0631108749815,41.695725677312346,True
prof-ARC-614908,ARCHETYPE_B_FEE_BURDENED,1,True,0.7110008821674275,366.05133211237717,0.04505468755091534,0.9183304121985906,0.6614407295244036,9,98.17685013323583,73.76265323668225,False
prof-ARC-857596,ARCHETYPE_B_FEE_BURDENED,1,True,0.6508826157451014,408.8245218817516,0.059714161429993314,0.8457197623383148,0.7536092218833774,10,51.37977265971034,17.59663063812037,False
prof-ARC-161836,ARCHETYPE_B_FEE_BURDENED,1,True,0.7671515310378393,372.40404120733547,0.022891158568352894,0.9141922239311611,0.5773652762900469,5,116.34609671683667,33.691708975242996,False
prof-ARC-435983,ARCHETYPE_B_FEE_BURDENED,1,True,0.9524041577843817,437.65974010327926,0.07565737889617083,0.8654633796180026,0.446108449099998,13,69.16676470503748,31.907061059391875,False
prof-ARC-763632,ARCHETYPE_B_FEE_BURDENED,1,True,0.9314235170847845,402.38801821206897,0.11817590201827687,0.8408776945189477,0.865012608555796,10,71.5071871723586,39.8065656978186,False
prof-ARC-112204,ARCHETYPE_B_FEE_BURDENED,1,True,0.670359896670661,290.57322730194494,0.15094903497289772,0.8524865942966845,0.5008821695467784,12,77.0051527984086,22.66357931268261,False
prof-ARC-773400,ARCHETYPE_B_FEE_BURDENED,2,True,0.5283105889463051,436.98487035600334,0.11171021729780803,0.7107562608618186,0.7213010279262088,7,33.19937196548914,35.81660125219387,False
prof-ARC-163146,ARCHETYPE_B_FEE_BURDENED,2,True,0.9801857595776623,436.9832625985225,0.11425630656194226,0.7399251239856974,0.848616894618384,11,65.34491887444113,49.61689410775361,False
prof-ARC-645042,ARCHETYPE_B_FEE_BURDENED,1,True,0.9724873474092948,348.61004480704514,0.066378112846914,0.7276494568465933,0.6931562776771543,14,107.40148309823746,36.40746834973021,False
prof-ARC-210234,ARCHETYPE_B_FEE_BURDENED,2,True,0.7770789153933848,351.74132934472703,0.1330438476163597,0.7353199427853141,0.3823050040284439,9,131.96440772962416,43.887883393820125,False
prof-ARC-925539,ARCHETYPE_B_FEE_BURDENED,1,True,0.8168096945148526,338.70966254619793,0.0700053579828414,0.8949516555038003,0.7816084843621122,12,64.86113845506827,85.2856222332729,False
prof-ARC-885339,ARCHETYPE_B_FEE_BURDENED,1,True,0.9735675076188833,382.41530213506053,0.10158167792266516,0.9071841299137212,0.7279103529423119,13,54.01328298596016,31.610408874072714,True
prof-ARC-769764,ARCHETYPE_B_FEE_BURDENED,2,True,0.8585963116432167,356.0879305154715,0.15251719289837518,0.7379015350551461,0.7084330889456202,11,104.74791241350137,68.85527226849676,True
prof-ARC-726754,ARCHETYPE_B_FEE_BURDENED,2,True,0.8861552899172761,433.6969898622384,0.08568664862771141,0.8517182104157721,0.6798536529335988,9,70.14634395274328,21.366048174806185,False
prof-ARC-157153,ARCHETYPE_B_FEE_BURDENED,2,True,0.9038870015264557,367.93142892809516,0.06796316452019116,0.8836376892042993,0.7127582434684507,14,38.10436976341201,23.82685707975138,False
prof-ARC-674592,ARCHETYPE_B_FEE_BURDENED,1,True,0.9494498892806759,322.15007355685486,0.09575103607796005,0.8421409997389199,0.6052012053755637,11,82.52155653907761,53.3484620785455,True
prof-ARC-754539,ARCHETYPE_B_FEE_BURDENED,1,True,0.9265649223669455,433.28016068432635,0.15516719144123825,0.935704811453315,0.44441618341959477,10,81.89631644090726,13.690479171975323,False
prof-ARC-710441,ARCHETYPE_B_FEE_BURDENED,1,True,0.8947216792837684,362.71029472121194,0.07680030636690276,0.8469377156340865,0.649635893512423,24,39.903117241495025,23.56143960728864,True
prof-ARC-538715,ARCHETYPE_B_FEE_BURDENED,1,True,0.9373871692716942,297.1645275818388,0.05603685663900099,0.9050875737478047,0.7208699853915108,6,56.342958741439915,45.18085205515567,False
prof-ARC-864948,ARCHETYPE_B_FEE_BURDENED,1,True,0.5765327697657345,393.94680807342286,0.05369399886190157,0.6983436891466326,0.5425378169086321,12,50.78555969654289,103.05339790245519,True
prof-ARC-483556,ARCHETYPE_B_FEE_BURDENED,1,True,0.6445171726237404,429.93454222065657,0.10260072704523487,0.8342591761417317,0.7396089067631875,6,54.19341135399631,44.582339083009735,True
prof-ARC-564175,ARCHETYPE_B_FEE_BURDENED,1,True,0.9026338344127315,323.72348199474516,0.12297603431875642,0.8524949969297646,0.444022317381628,4,99.36578952289337,23.580032202628857,False
prof-ARC-753009,ARCHETYPE_B_FEE_BURDENED,1,True,0.9348251655557605,239.5555578599784,0.11509801562209068,0.6399460273076846,0.47091841064473383,14,90.39113253217008,27.30641073791473,True
prof-ARC-728800,ARCHETYPE_B_FEE_BURDENED,1,True,0.904885052583064,368.15021424030385,0.042819071578960845,0.8298029480562699,0.8934788223470529,10,51.46292166185894,25.003978271570222,True
prof-ARC-258502,ARCHETYPE_B_FEE_BURDENED,2,True,0.799165262659987,319.1410426994634,0.10952362126704492,0.722749577854706,0.7470184015969973,9,90.86724378299353,28.19643231348962,True
prof-ARC-705507,ARCHETYPE_B_FEE_BURDENED,1,True,0.9371574519166993,365.87091367518957,0.06855312622069894,0.8012279308956255,0.6553254938729357,13,39.44126439909286,40.32564475839092,True
prof-ARC-230439,ARCHETYPE_B_FEE_BURDENED,2,True,0.922546573708828,342.67536427107797,0.11081391891894937,0.8587810434473784,0.5611879272973774,11,193.6621471010181,19.212574063157614,False
prof-ARC-189882,ARCHETYPE_B_FEE_BURDENED,1,True,0.8857329421383681,350.38639465878424,0.0872832077795165,0.9100849423895236,0.6402214542960233,10,72.81024218395073,76.39990708727852,False
prof-ARC-791572,ARCHETYPE_B_FEE_BURDENED,1,True,0.852806390233817,292.4658209354112,0.1082797325534492,0.8647908409887641,0.4473117563199169,6,69.45188031953646,94.53938870863425,True
prof-ARC-311811,ARCHETYPE_B_FEE_BURDENED,1,True,0.7744888880916858,341.99349302010313,0.1510982300717092,0.6514636688447002,0.5971542194401626,13,46.417285780546365,22.070088456587698,False
prof-ARC-693167,ARCHETYPE_B_FEE_BURDENED,2,True,0.7647319087714298,309.06532878869297,0.14374069765800634,0.7313145327537688,0.8973693512062985,3,61.4145807943952,61.65644130165631,True
prof-ARC-765344,ARCHETYPE_B_FEE_BURDENED,1,True,0.919891681628814,350.6182547568266,0.10606260510975343,0.7697872903393855,0.5177533661034419,10,116.36925348325661,25.3776568902238,False
prof-ARC-425737,ARCHETYPE_B_FEE_BURDENED,2,True,0.8781478904183394,328.7119541098536,0.13783652432860843,0.7278985687389994,0.5689971409042229,9,108.35954266431388,27.90306336577212,False
prof-ARC-872411,ARCHETYPE_B_FEE_BURDENED,1,True,0.717608082649949,359.67031835948586,0.08411696041574397,0.9535134292318386,0.647271696695485,12,67.69479574352145,16.941321203693,False
prof-ARC-200647,ARCHETYPE_B_FEE_BURDENED,2,True,0.7691819647891118,433.24953500413494,0.11900084006435237,0.683859459112392,0.43669125087966665,10,85.83020685115363,48.589341331978446,False
prof-ARC-842476,ARCHETYPE_B_FEE_BURDENED,2,True,0.8421914650746374,299.20201684027165,0.0828123262482964,0.7886718828764688,0.5724348744908623,7,64.64245709923588,14.289892349333826,False
prof-ARC-978247,ARCHETYPE_B_FEE_BURDENED,1,True,0.7810083933065937,276.3715006405511,0.12880473691473437,0.7580187323546966,0.5094943509512411,4,43.55321825070351,29.789327896185668,False
prof-ARC-396753,ARCHETYPE_B_FEE_BURDENED,1,True,0.9040113737647164,327.05615774875014,0.05298448100008436,0.899898230592861,0.6909021592941539,12,82.07453647135706,17.115104986285566,False
prof-ARC-525716,ARCHETYPE_B_FEE_BURDENED,1,True,0.8205024019913589,299.75473500031075,0.1208526072855715,0.8973277841327602,0.7086738803728774,14,53.73900722073011,79.07386935661597,True
prof-ARC-833478,ARCHETYPE_B_FEE_BURDENED,1,True,0.8637165398196758,412.7552708291542,0.11853721620625687,0.8642740180638235,0.7079347672924994,12,55.540505549245204,38.45998041611863,False
prof-ARC-503562,ARCHETYPE_B_FEE_BURDENED,1,True,0.8746717966692755,405.4681707001257,0.05440874032820641,0.8326743039526321,0.44326161688785387,8,133.54605237403825,38.119369083958055,True
prof-ARC-685009,ARCHETYPE_B_FEE_BURDENED,1,True,0.9383612687594731,398.7911668644282,0.08867688478834754,0.9149429081933889,0.6131529188513913,11,75.91929919612512,34.66246372099096,False
prof-ARC-104369,ARCHETYPE_B_FEE_BURDENED,1,True,0.9479522017231113,403.52831542404334,0.1120282423369726,0.8742742926693596,0.39434352555670377,10,146.43982179054925,41.823514047817696,False
prof-ARC-477389,ARCHETYPE_B_FEE_BURDENED,1,True,0.8119068636807595,310.07302427206196,0.09920100195570888,0.7269927327139489,0.7545578866309718,11,161.40912104652975,25.99557768604386,False
prof-ARC-367446,ARCHETYPE_B_FEE_BURDENED,2,True,0.8617427122952926,410.661991913237,0.10865852592911474,0.9015112413476929,0.7846860735019865,10,46.12577820699838,76.90468135036916,False
prof-ARC-690855,ARCHETYPE_B_FEE_BURDENED,1,True,0.789184770791728,329.25418609398366,0.14588722998135042,0.7317854859593563,0.5628539540341371,11,68.56599040362283,53.334752050813805,True
prof-ARC-373010,ARCHETYPE_B_FEE_BURDENED,2,True,0.8391242732401683,330.34485812802274,0.13900976343820706,0.7533585617436805,0.5583545549924852,8,55.388939930433764,101.9726980164837,False
prof-ARC-322129,ARCHETYPE_B_FEE_BURDENED,1,True,0.9719573408393245,421.03091463870044,0.09879008568242527,0.9454403529474457,0.6456015966870171,7,54.1421274905009,46.072233943442214,True
prof-ARC-854965,ARCHETYPE_B_FEE_BURDENED,1,True,0.9261548386577669,295.89403581127374,0.10791305353491867,0.8919491254491029,0.4759078150253655,13,66.47316863068212,34.6421043172159,False
prof-ARC-586476,ARCHETYPE_B_FEE_BURDENED,2,True,0.7528409367305908,358.6610081483249,0.09980089315875862,0.9300330259419739,0.7567754641982221,9,94.0843432354044,44.759553479759916,False
prof-ARC-126567,ARCHETYPE_B_FEE_BURDENED,1,True,0.8228311234840395,282.69296387098973,0.07916874050514065,0.8573163592890133,0.7573831008802142,7,96.59268333089977,27.30305804383572,True
prof-ARC-133064,ARCHETYPE_B_FEE_BURDENED,1,True,0.8483112467983355,351.93511473787817,0.10293868078170477,0.8985455463171144,0.6369714680550694,14,48.731929736494116,59.18119479157405,False
prof-ARC-597275,ARCHETYPE_B_FEE_BURDENED,1,True,0.9453440862458322,361.3318208741049,0.1523714747719704,0.7462190351304884,0.7376389414069413,10,86.42463981988803,32.41862239644113,False
prof-ARC-234962,ARCHETYPE_B_FEE_BURDENED,1,True,0.6027890291040156,311.8572278901722,0.06996015854621944,0.6505661613138158,0.775175307875566,11,73.40184715577904,97.86832830940962,False
prof-ARC-886408,ARCHETYPE_B_FEE_BURDENED,1,True,0.7129254390649585,373.24400304464564,0.12707383897074215,0.6174643269903434,0.3948988988802489,7,85.98325366680137,27.652844667663523,False
prof-ARC-902377,ARCHETYPE_B_FEE_BURDENED,1,True,0.9430701121070143,518.8691459541324,0.14279885497673933,0.3977917813536219,0.6967671393079635,8,50.51009523035732,10.936313737212073,True
prof-ARC-493650,ARCHETYPE_B_FEE_BURDENED,1,True,0.8249619629258903,312.6681216989797,0.10488375433241735,0.8143757121728189,0.47256855321056096,7,50.0122429853592,33.99248569510992,False
prof-ARC-603528,ARCHETYPE_B_FEE_BURDENED,2,True,0.8053584440951832,375.8497904820444,0.07574350628315146,0.7280543796144769,0.5679914702194275,8,73.21811109743922,34.811922332258234,False
prof-ARC-556331,ARCHETYPE_B_FEE_BURDENED,2,True,0.8455870295040601,359.42431903802105,0.06960627099401234,0.7495816712573157,0.6919200550765617,14,70.81382582027976,47.287258468255416,False
prof-ARC-977709,ARCHETYPE_B_FEE_BURDENED,1,True,0.8925989938722103,396.38544417806526,0.11790840918564092,0.7817469615182319,0.7641446141625918,11,59.00570917699572,31.946795568524756,True
prof-ARC-125301,ARCHETYPE_B_FEE_BURDENED,1,True,0.920734806019852,305.47821235286693,0.14009268454651813,0.9207347758218808,0.5635104216559956,8,91.14317233332382,33.45767593761367,False
prof-ARC-117215,ARCHETYPE_B_FEE_BURDENED,2,True,0.8434719703970559,346.6001069792537,0.0849721595760755,0.9237739540237343,0.7433186003769477,12,93.13802841263093,28.63763981894403,False
prof-ARC-914520,ARCHETYPE_B_FEE_BURDENED,2,True,0.7349496974331531,359.10530160286635,0.08932792482113909,0.9786545529317895,0.6279797389348077,11,52.916497947827615,38.38130490722445,False
prof-ARC-868026,ARCHETYPE_B_FEE_BURDENED,2,True,0.6450041975045756,356.02655170481364,0.13377677260744997,0.9104131680023417,0.6706032589979314,14,55.74386450183103,30.33518844958286,False
prof-ARC-148786,ARCHETYPE_B_FEE_BURDENED,2,True,0.9174430777358076,366.6186166611992,0.10746421856116581,0.922451339573296,0.6279605812202766,10,38.1301822999029,65.97296989385798,False
prof-ARC-980507,ARCHETYPE_B_FEE_BURDENED,1,True,0.8363517107067104,348.69386639360476,0.05832153612704373,0.8522359977482222,0.8034849294617212,8,106.39372688371368,24.353976553991654,True
prof-ARC-723540,ARCHETYPE_B_FEE_BURDENED,2,True,0.9240401033736063,306.13121077099794,0.16700828255411923,0.9293607899964761,0.940074189270045,8,104.90153862479899,68.25000808126747,True
prof-ARC-194266,ARCHETYPE_B_FEE_BURDENED,2,True,0.9329563731865893,342.1449385005246,0.11214364958436071,0.6427485009563354,0.7450093771276555,11,37.446531378198394,26.1219642937955,False
prof-ARC-329333,ARCHETYPE_B_FEE_BURDENED,2,True,0.8183779397141856,312.4944006422604,0.0606730756401337,0.7381059841430105,0.7480487346995011,9,64.06769404490754,26.177320620726583,False
prof-ARC-412946,ARCHETYPE_B_FEE_BURDENED,1,True,0.7877309121351462,407.93580293540197,0.12005345900547604,0.49009688204717,0.6806701753436601,13,49.2915344097383,44.10765451404931,False
prof-ARC-228305,ARCHETYPE_B_FEE_BURDENED,1,True,0.9518298150054886,381.48697572043693,0.1000320560821148,0.7432816875464558,0.4433929039355555,8,110.95259240760835,15.036490463360272,True
prof-ARC-128400,ARCHETYPE_B_FEE_BURDENED,1,True,0.7709927849604941,254.33453145361352,0.08559356093440428,0.6925906735996041,0.5746061325361643,5,164.45039597139544,42.023489117721326,False
prof-ARC-374462,ARCHETYPE_B_FEE_BURDENED,1,True,0.7942579530411668,326.7148582670463,0.13576328961747983,0.8919699220223075,0.6669485712885699,8,81.75427724568533,24.336186336960807,True
prof-ARC-255739,ARCHETYPE_B_FEE_BURDENED,1,True,0.9379202541828305,422.98496946069093,0.07334101556380812,0.81897682415765,0.7729669604513248,14,59.2247259023841,19.81167983529197,False
prof-ARC-463284,ARCHETYPE_B_FEE_BURDENED,2,True,0.9476752471652953,315.66338022163245,0.12400865695404646,0.8600043897441738,0.47721075520562284,6,58.47642637457802,30.94013805744964,False
prof-ARC-670986,ARCHETYPE_B_FEE_BURDENED,2,True,0.8748350642762066,406.5295698832015,0.08913360214045281,0.7965129404582765,0.7511395952711156,10,64.70772309408129,32.387784270825954,True
prof-ARC-853996,ARCHETYPE_B_FEE_BURDENED,2,True,0.8157070109206229,342.8859751603611,0.16227232889188165,0.9208235298602797,0.6129289593671998,11,86.29090462794706,35.63177535205278,True
prof-ARC-599479,ARCHETYPE_B_FEE_BURDENED,1,True,0.9080466198255011,290.66266972441895,0.13943129357308695,0.6224010236123674,0.7505453035124684,6,88.40788337205498,10.020079574410431,False
prof-ARC-186388,ARCHETYPE_B_FEE_BURDENED,2,True,0.9161320341876804,345.0342831103984,0.07217558068593177,0.7213395653296619,0.6938124699052868,8,60.94414799609065,18.28760332953573,True
prof-ARC-223844,ARCHETYPE_B_FEE_BURDENED,1,True,0.904314221775993,411.587424534926,0.0845980324373901,0.7500666526837811,0.37337638368256787,9,92.06252854772193,17.95263145346497,False
prof-ARC-816537,ARCHETYPE_B_FEE_BURDENED,1,True,0.8715586617413145,340.0758824266214,0.07970050430099353,0.940199894452441,0.5420194608689067,10,71.4557702257251,16.164090088038737,True
prof-ARC-961646,ARCHETYPE_B_FEE_BURDENED,1,True,0.8512786987678199,354.720347670208,0.0894292221881981,0.7936251138657726,0.5601897544570726,5,94.95876211864885,16.724936865773802,False
prof-ARC-686347,ARCHETYPE_B_FEE_BURDENED,1,True,0.910098005870207,391.69238512376955,0.09246094877534392,0.9391497657329052,0.7040058404909797,16,93.12537090445099,21.064679912772228,False
prof-ARC-159547,ARCHETYPE_B_FEE_BURDENED,1,True,0.8150604442600489,356.7714417359978,0.16347324124145987,0.6985348125865499,0.5485697707885816,14,39.75274408553884,28.410569855730603,False
prof-ARC-131786,ARCHETYPE_B_FEE_BURDENED,2,True,0.9255887197163742,352.35835366316894,0.10408921578973444,0.8809442845878167,0.8043672562729344,7,48.69120949228537,50.98881583145231,False
prof-ARC-414380,ARCHETYPE_B_FEE_BURDENED,1,True,0.943911238023061,301.1108877660127,0.10824250439395532,0.7759063212839229,0.8309824853997279,10,43.15941257346234,31.126321707535087,False
prof-ARC-895712,ARCHETYPE_B_FEE_BURDENED,1,True,0.7571528333030075,420.3580119785952,0.09364383740674415,0.7195946887331442,0.7102523667896444,12,77.7485282550224,52.45391419237598,True
prof-ARC-136368,ARCHETYPE_B_FEE_BURDENED,2,True,0.9118607434006774,359.2413516810827,0.06273169542923356,0.8477902172662798,0.7762491078705105,6,59.153685118956496,54.9652389032365,True
prof-ARC-916831,ARCHETYPE_B_FEE_BURDENED,1,True,0.899931016342951,344.69060694757286,0.07472504914522533,0.9201689612436059,0.7784617719324713,6,70.07425763565017,36.49904115283894,False
prof-ARC-333553,ARCHETYPE_B_FEE_BURDENED,1,True,0.783175211696993,421.23594151585235,0.11437002537749777,0.8035523999597404,0.598602565449574,8,62.66675144388626,18.58112373669667,False
prof-ARC-309605,ARCHETYPE_B_FEE_BURDENED,1,True,0.7639176963183113,326.1387757522528,0.14038738833220463,0.9396096894046159,0.7655952436439888,11,34.73915170696795,21.926198887169033,False
prof-ARC-369608,ARCHETYPE_B_FEE_BURDENED,2,True,0.7243578137524426,417.34706221944975,0.060746353630920576,0.8041061892990906,0.7034158721483236,9,68.55661679591647,30.211717293758277,False
prof-ARC-903464,ARCHETYPE_B_FEE_BURDENED,1,True,0.9403123860118201,393.66017339792205,0.07147047502813705,0.6934756433951766,0.5668256249695934,4,76.00060487234722,47.57016985992709,True
prof-ARC-522109,ARCHETYPE_B_FEE_BURDENED,2,True,0.8807899222226981,361.6651053282189,0.1636080390100679,0.7114994913145719,0.5082927782451685,6,70.96626629331472,28.374358343231386,False
prof-ARC-459589,ARCHETYPE_B_FEE_BURDENED,1,True,0.8877329441755342,293.59560500083563,0.18477310512820305,0.6098532788171951,0.7042469602422249,8,113.08725767939634,16.971060195337223,False
prof-ARC-878263,ARCHETYPE_B_FEE_BURDENED,2,True,0.6938533166396971,384.08171118341943,0.0851443768146311,0.7389199220017749,0.7221789066644565,14,104.27506807233148,24.397957943462597,True
prof-ARC-520331,ARCHETYPE_B_FEE_BURDENED,1,True,0.8735932647061705,419.20512343729877,0.08183821895388986,0.7594174905387123,0.6398668587741196,10,94.30128050500612,27.201946392751534,False
prof-ARC-236615,ARCHETYPE_B_FEE_BURDENED,1,True,0.761309478924243,353.63136940897016,0.14806460819777675,0.6065634643932334,0.643039153054899,7,57.08880496553472,23.738544207360786,True
prof-ARC-434705,ARCHETYPE_B_FEE_BURDENED,2,True,0.8514901303600765,415.5971311466028,0.040990826555009185,0.6450415031758334,0.6223876510769237,6,100.26724715322325,33.31937116468369,False
prof-ARC-134889,ARCHETYPE_B_FEE_BURDENED,1,True,0.95747231578842,402.62736553673744,0.034160774585143286,0.7454556778311484,0.5666181232526737,11,86.56462804966088,21.113652856931267,True
prof-ARC-376463,ARCHETYPE_B_FEE_BURDENED,1,True,0.7252421648558688,273.51129599453316,0.07890974554735199,0.7858549419810471,0.44832615339481235,16,55.91175176520512,11.964762848892384,False
prof-ARC-184458,ARCHETYPE_B_FEE_BURDENED,2,True,0.43573542581400726,286.9335100793709,0.1628384119594219,0.8182224039114807,0.5497841638798583,10,39.8830593751995,42.54588404822525,False
prof-ARC-581875,ARCHETYPE_B_FEE_BURDENED,1,True,0.9394559422524034,331.3429761897502,0.05602546469935217,0.9034798445409769,0.4641101458718753,13,55.41804932606951,28.402461942820644,False
prof-ARC-465356,ARCHETYPE_B_FEE_BURDENED,1,True,0.7166862289602642,319.205967603851,0.0950270233812815,0.8810410737863048,0.6756587385146848,6,68.5459702755372,28.979784184084906,True
prof-ARC-890388,ARCHETYPE_B_FEE_BURDENED,2,True,0.8134020587419245,261.5792287180964,0.1141005292255503,0.4948634717854582,0.8156129829838056,10,41.53695245607277,27.321881791694143,False
prof-ARC-843894,ARCHETYPE_B_FEE_BURDENED,2,True,0.7653862509491338,399.6336527184483,0.12385279902224264,0.8298904022168924,0.8084120382433717,7,70.76375090041533,27.524441569453792,True
prof-ARC-262325,ARCHETYPE_B_FEE_BURDENED,1,True,0.7580101521680989,383.9630440444357,0.06079289637705312,0.8300132946143751,0.7555534165068386,11,28.091820413538684,42.151356006815554,False
prof-ARC-411671,ARCHETYPE_B_FEE_BURDENED,2,True,0.7908949731008893,350.81514085140554,0.08625326840333714,0.9794748593286433,0.5741949126013008,12,56.297817986277835,19.750009502386035,False
prof-ARC-952128,ARCHETYPE_B_FEE_BURDENED,1,True,0.9823278728242788,411.0902342488351,0.0309517905024808,0.7676484746987587,0.8423936953673166,10,39.853402101916174,41.42756287693205,False
prof-ARC-688345,ARCHETYPE_B_FEE_BURDENED,1,True,0.7152770090932163,302.36549296853735,0.07832398452363974,0.8380624158042898,0.8656053797783504,13,139.46614428086428,45.371328101917626,False
prof-ARC-648683,ARCHETYPE_B_FEE_BURDENED,1,True,0.9074080671736916,399.7807582012622,0.10889470022865758,0.7734778349288565,0.7922659662766587,9,52.19730387443506,28.960668345826313,False
prof-ARC-168464,ARCHETYPE_B_FEE_BURDENED,2,True,0.7088541866679627,330.3818077153943,0.08118679246311358,0.7185600129459305,0.8049284977047809,9,81.60015997736494,49.91089471015304,False
prof-ARC-657830,ARCHETYPE_B_FEE_BURDENED,1,True,0.7517373857595283,318.7113478134112,0.1017249619749748,0.8794390575252957,0.6752309690197067,7,58.362525790379436,67.81726471935075,False
prof-ARC-621564,ARCHETYPE_B_FEE_BURDENED,1,True,0.5291435829851517,303.2580165713794,0.0937787664886795,0.8416484489530351,0.706902874696439,7,77.12094695676228,99.93951136380277,False
prof-ARC-295507,ARCHETYPE_B_FEE_BURDENED,2,True,0.8944855153999868,379.7349264990406,0.07696480869656828,0.8819240465530065,0.6343266303995804,10,60.348602139331874,41.49140948202004,False
prof-ARC-989974,ARCHETYPE_B_FEE_BURDENED,1,True,0.9070590654841222,312.8563655178189,0.10604302329889916,0.8037472338319851,0.6449586508684825,9,90.78558937612267,26.24875031724609,False
prof-ARC-797600,ARCHETYPE_B_FEE_BURDENED,2,True,0.8469959106691834,327.1545640636427,0.17276035833903697,0.8233013901607869,0.6648749012156355,11,77.21436371627696,41.41356154653475,False
prof-ARC-204570,ARCHETYPE_B_FEE_BURDENED,2,True,0.7876412133181325,355.16909981060473,0.10850366477623768,0.9239424788930855,0.5710949145443596,4,57.454664916343354,19.624766821740728,False
prof-ARC-608034,ARCHETYPE_B_FEE_BURDENED,1,True,0.7443684608785495,264.1946393614437,0.08146912590294954,0.8155154260370013,0.5295298223729251,10,114.12247090698315,62.4826844912512,False
prof-ARC-228544,ARCHETYPE_B_FEE_BURDENED,2,True,0.7520023339304998,348.05045318069875,0.05016354881433415,0.7617689567677577,0.7476111549428252,10,63.36528861877523,17.548038405123087,True
prof-ARC-834391,ARCHETYPE_B_FEE_BURDENED,2,True,0.757802178042091,386.7374297870504,0.04773098145297777,0.768882930219513,0.5691541147661648,10,87.4264299350449,14.434739296584139,False
prof-ARC-363382,ARCHETYPE_B_FEE_BURDENED,1,True,0.9631388896672468,383.7661571556369,0.0648149693814696,0.732223926152685,0.6711980655359978,11,93.34979854200012,64.05483320130604,False
prof-ARC-222603,ARCHETYPE_B_FEE_BURDENED,2,True,0.6925075349666544,255.85082766641366,0.04212191436224473,0.7502126087507619,0.3869257023252929,8,90.9093316523427,69.63017496019852,False
prof-ARC-724533,ARCHETYPE_B_FEE_BURDENED,2,True,0.9834019292759988,394.6395122607197,0.09301082092672146,0.84000973937633,0.5862605891361462,12,81.99858662177971,32.285363830915955,False
prof-ARC-331360,ARCHETYPE_B_FEE_BURDENED,2,True,0.8945205215352946,368.23131769710255,0.12792092045549638,0.7113045557653589,0.797282567070015,11,43.36877909629162,39.18490212479669,False
prof-ARC-874888,ARCHETYPE_B_FEE_BURDENED,1,True,0.9176940350365789,361.5432205064044,0.1650293251658833,0.8739845503745185,0.6125235827013182,9,71.26060218815162,35.25063683710173,True
prof-ARC-462812,ARCHETYPE_B_FEE_BURDENED,1,True,0.7418388886435517,256.3312985464749,0.128144624421008,0.9025767076686947,0.615101903697219,12,138.84728750832636,40.94100354769897,False
prof-ARC-728759,ARCHETYPE_B_FEE_BURDENED,1,True,0.8425896867994203,391.12864606002404,0.06359891838922543,0.907636138097946,0.5416985898889725,6,72.50589901505401,35.06327815934765,False
prof-ARC-293201,ARCHETYPE_B_FEE_BURDENED,1,True,0.5668266883741072,290.8482077543937,0.029589999710507683,0.8107736614817745,0.7091478070332424,7,78.8002975920728,50.48002552594005,False
prof-ARC-356960,ARCHETYPE_B_FEE_BURDENED,1,True,0.8742587674618857,329.99377076406284,0.1292633056819161,0.7818769655168126,0.7274028883721775,10,57.173081848063276,40.386038585040716,True
prof-ARC-273167,ARCHETYPE_B_FEE_BURDENED,2,True,0.9721976163062356,339.52459047820514,0.04886923919997989,0.7423130369366918,0.7517822820902609,8,75.97917307644943,31.166232909605263,False
prof-ARC-212858,ARCHETYPE_B_FEE_BURDENED,1,True,0.9459501030326131,331.84122206335917,0.07921131323897625,0.787729343387735,0.6077108411781618,8,105.16308385245475,45.52568187049673,False
prof-ARC-889480,ARCHETYPE_B_FEE_BURDENED,2,True,0.9507153255437868,418.85799342893586,0.13129849851532432,0.8599890838805301,0.3398032539817,6,71.07157059666366,21.227986809402942,True
prof-ARC-909138,ARCHETYPE_B_FEE_BURDENED,2,True,0.8336016456982956,308.40370880332813,0.0692930387315765,0.9173091573162726,0.5659199522758428,10,137.08639714187984,9.590103123529014,False
prof-ARC-609993,ARCHETYPE_B_FEE_BURDENED,1,True,0.6336846319654087,357.4132027024046,0.08689613075840963,0.8558088568977663,0.5998974966424147,9,65.99274767580307,24.863368630881315,False
prof-ARC-764805,ARCHETYPE_B_FEE_BURDENED,1,True,0.980692190646684,331.9452821732067,0.07037742829365802,0.8402374865705889,0.7042098446077639,14,73.78102521387017,36.3399442616185,False
prof-ARC-651646,ARCHETYPE_B_FEE_BURDENED,1,True,0.7932090201200933,275.0682251425394,0.05296044089265278,0.6505998336132438,0.7825459343799465,13,91.16669785768775,50.36370308697304,True
prof-ARC-368092,ARCHETYPE_B_FEE_BURDENED,1,True,0.8978984089336242,368.0344687930232,0.12933435100748017,0.5626072311341049,0.7498381596730772,12,44.37450008530733,44.60419387999577,False
prof-ARC-133282,ARCHETYPE_B_FEE_BURDENED,2,True,0.9148546812002267,326.75956098969937,0.09375698385083117,0.8385666689738287,0.5891236525202765,11,50.98819124688044,19.145743483109932,False
prof-ARC-310913,ARCHETYPE_B_FEE_BURDENED,2,True,0.7823381436782841,353.0580631784487,0.07021560649380228,0.6766058820434369,0.571761598802583,12,87.14709241735461,10.690238388096706,False
prof-ARC-366404,ARCHETYPE_B_FEE_BURDENED,1,True,0.8357392122546324,428.3427353606893,0.08357816994144321,0.7052339839438516,0.6031368752967478,10,74.53361232714867,14.688340066896334,False
prof-ARC-624338,ARCHETYPE_B_FEE_BURDENED,2,True,0.94451684611373,366.91579158726745,0.05084594146513452,0.9013542055235058,0.5198146978768838,5,90.9341018197479,45.39739204527261,True
prof-ARC-622915,ARCHETYPE_B_FEE_BURDENED,1,True,0.8896269394381869,341.4857734087099,0.166625968921039,0.9074100159109357,0.6359788871919838,9,100.20146616928884,17.321970269916314,False
prof-ARC-979377,ARCHETYPE_B_FEE_BURDENED,2,True,0.8556104232826892,352.73411379091294,0.27544707983510663,0.7332996564349777,0.4408327680451485,9,111.407632293828,35.19980132868838,False
prof-ARC-212666,ARCHETYPE_B_FEE_BURDENED,2,True,0.8451203434219097,425.44594471334517,0.13269254614112388,0.8747455214154413,0.6463747643380077,12,64.0531430128464,21.79983878638869,False
prof-ARC-985250,ARCHETYPE_B_FEE_BURDENED,2,True,0.8745920225241471,378.281645094336,0.1278352910175841,0.7256127966028297,0.424258945505732,10,57.731506510498164,16.417773288747686,False
prof-ARC-516790,ARCHETYPE_B_FEE_BURDENED,2,True,0.8504892375240725,399.9022610817989,0.11274745577167791,0.8705024867783422,0.5854420341553628,7,86.4426537005807,43.09043760479133,False
prof-ARC-417319,ARCHETYPE_B_FEE_BURDENED,1,True,0.854733509860503,402.5229140153479,0.18741437321504273,0.7373391817080499,0.8259540114443535,13,82.36943237925057,22.551063834863548,True
prof-ARC-152243,ARCHETYPE_B_FEE_BURDENED,1,True,0.9051149195848551,401.9991012639158,0.06888741042734402,0.7715994383751126,0.7017247947142428,9,71.28669057642648,57.75621757777973,False
prof-ARC-157429,ARCHETYPE_B_FEE_BURDENED,1,True,0.6878633775635548,361.6642520543936,0.0915308002101165,0.8386852751154955,0.8174143918706704,12,151.5066818698144,21.624262279191534,False
prof-ARC-970486,ARCHETYPE_B_FEE_BURDENED,1,True,0.8292364941717077,368.8977821431387,0.0919195130386739,0.8983269844333719,0.805149297121046,9,51.811800632998704,42.02247857044684,False
prof-ARC-889908,ARCHETYPE_B_FEE_BURDENED,2,True,0.7124373733149973,356.0630331174592,0.14529594773110865,0.7730690786352842,0.6760648690202696,7,72.24141633804658,32.02429966428851,False
prof-ARC-969296,ARCHETYPE_B_FEE_BURDENED,1,True,0.8322189352016275,342.4312961016184,0.07192657875519147,0.890693147624553,0.8095068859231307,6,75.09066017842252,33.17108860021095,False
prof-ARC-508883,ARCHETYPE_B_FEE_BURDENED,1,True,0.946255898949017,382.2898820801856,0.13158169953093185,0.9093846235695493,0.6782302139320293,13,40.552349961227634,23.122900280262307,True
prof-ARC-464777,ARCHETYPE_B_FEE_BURDENED,1,True,0.9628293536141186,312.8744783852778,0.119575324787283,0.7490766637061083,0.7248100837021981,9,87.55171644585968,43.41397529898682,True
prof-ARC-976861,ARCHETYPE_B_FEE_BURDENED,1,True,0.8536923478708774,281.5386443264711,0.0683062249918769,0.8429058106684372,0.6485502191983858,10,93.87476146113647,33.27138363682896,False
prof-ARC-118077,ARCHETYPE_B_FEE_BURDENED,2,True,0.9066885650401945,276.40704661411894,0.10615061308425006,0.8007004144408421,0.476316339621901,12,102.57598124956445,87.15735310215197,True
prof-ARC-416131,ARCHETYPE_B_FEE_BURDENED,2,True,0.8500414392945309,338.71386841939324,0.12516664876440078,0.9175428747227147,0.5821441677331344,8,59.2638149525637,31.540025404741506,True
prof-ARC-909223,ARCHETYPE_B_FEE_BURDENED,1,True,0.8809579872933183,301.4043160134821,0.11931716171874641,0.8458847446263936,0.7177905835407504,6,75.15341221555117,21.202351269940852,False
prof-ARC-711692,ARCHETYPE_B_FEE_BURDENED,2,True,0.9306049513055175,313.23626403112223,0.058486429057518045,0.8306885289623831,0.6480568365722775,10,123.53548687626183,64.52153815458195,False
prof-ARC-183905,ARCHETYPE_B_FEE_BURDENED,1,True,0.8213379261124423,342.55217195825264,0.05004945116647034,0.7384248572818002,0.8516699847328452,14,79.25041112651247,58.03435556133669,True
prof-ARC-386400,ARCHETYPE_B_FEE_BURDENED,1,True,0.9251108632412361,390.7797122298081,0.14885147389435352,0.6700592398354199,0.8061961649689179,11,44.00271592702895,21.45289570361184,False
prof-ARC-583121,ARCHETYPE_B_FEE_BURDENED,1,True,0.9721935575704992,344.8675713274684,0.1726815029865937,0.8820319788275723,0.6434461319149842,9,49.86829920545941,18.09723018059819,False
prof-ARC-297057,ARCHETYPE_B_FEE_BURDENED,1,True,0.8321124635962843,336.5689188030968,0.1222864162901906,0.5820866910426012,0.8756087317204759,14,48.29325095907589,31.85704698096185,False
prof-ARC-469625,ARCHETYPE_B_FEE_BURDENED,1,True,0.9047962022030401,309.72692403463975,0.17011634591910996,0.7924032541639769,0.7294308268216215,8,40.301913564945814,70.07602126545675,True
prof-ARC-453784,ARCHETYPE_B_FEE_BURDENED,2,True,0.8496446705661738,394.28631769409276,0.07401193994494468,0.8795135655547527,0.828061168578897,10,58.39839994700671,15.420601140913659,True
prof-ARC-778302,ARCHETYPE_B_FEE_BURDENED,1,True,0.9803433290453107,315.7490778532468,0.19690630599615985,0.6295503643084362,0.7257362536731143,9,73.25681272340763,45.90881548430727,True
prof-ARC-953524,ARCHETYPE_B_FEE_BURDENED,2,True,0.8413258400918937,267.9409630566277,0.09799683236558769,0.6191928729713935,0.6879874443578975,12,62.36502736615118,27.04968225288548,False
prof-ARC-996536,ARCHETYPE_B_FEE_BURDENED,1,True,0.8749738984724095,410.57137518162153,0.07892362909820305,0.7329265654157114,0.5793968581361257,8,71.22975309138499,25.050276585346285,False
prof-ARC-539268,ARCHETYPE_B_FEE_BURDENED,1,True,0.8725693450659885,305.3083389680455,0.182951582120513,0.7783023955524763,0.6622733079252392,10,50.52710254880518,56.00517630456256,False
prof-ARC-774555,ARCHETYPE_B_FEE_BURDENED,1,True,0.8571691615961203,346.46920948392454,0.0999297994009175,0.7635644305316808,0.5709247239186946,7,75.97262432309329,27.86881973684644,False
prof-ARC-851537,ARCHETYPE_B_FEE_BURDENED,1,True,0.9135557663721592,365.1075118715929,0.03654026530306199,0.8198716550195837,0.6789583364581147,13,124.28364514905103,52.796646614004686,False
prof-ARC-379374,ARCHETYPE_B_FEE_BURDENED,1,True,0.7278808760952565,349.5206866663802,0.03262693635622768,0.6833218470558714,0.7517984292040475,10,81.66498109640499,29.92258519825637,False
prof-ARC-799444,ARCHETYPE_B_FEE_BURDENED,1,True,0.8729862968560429,325.1473756582159,0.028230188145037093,0.8440526130689207,0.7677727905097652,13,79.1645345469083,19.28820877906816,True
prof-ARC-486757,ARCHETYPE_B_FEE_BURDENED,2,True,0.9513079665695853,339.7806442936779,0.15750634115771484,0.7870627081054332,0.7996601768130839,8,42.57557749173498,28.684528115585316,True
prof-ARC-835956,ARCHETYPE_B_FEE_BURDENED,2,True,0.9243092601624693,375.54516895432914,0.060337283956371224,0.7069696780453981,0.6697021136146292,5,47.19216459795148,46.82362507542112,True
prof-ARC-298511,ARCHETYPE_B_FEE_BURDENED,2,True,0.6800267917805534,416.9574337578771,0.11460424603248481,0.7005037951615076,0.5496897219588665,7,46.94773951456738,54.695929704875745,False
prof-ARC-698998,ARCHETYPE_B_FEE_BURDENED,2,True,0.9350448624089833,373.46339012518166,0.1375649188628423,0.540930389387734,0.9392261680521741,8,42.39325048914938,30.724336946960076,False
prof-ARC-797247,ARCHETYPE_B_FEE_BURDENED,1,True,0.8529888032444264,367.17987675891084,0.11573551029499989,0.7631753737758209,0.6946894717881623,12,32.41966863669256,34.79207805525041,True
prof-ARC-148850,ARCHETYPE_B_FEE_BURDENED,2,True,0.8834585199249373,330.53301461641706,0.05345155200609872,0.6424983507396251,0.7382916807617125,10,88.18719774787955,47.30134732517179,False
prof-ARC-800149,ARCHETYPE_B_FEE_BURDENED,2,True,0.74667731625964,312.30150573547957,0.1070661790774452,0.7455450867541559,0.8247802318440224,10,45.27095490153057,37.49294334747058,False
prof-ARC-412878,ARCHETYPE_B_FEE_BURDENED,1,True,0.9305748113898337,411.72098134656017,0.02078556769506081,0.8128771977532386,0.5129087579338422,5,62.229922612231576,47.053600918836295,False
prof-ARC-756820,ARCHETYPE_B_FEE_BURDENED,1,True,0.872938307369047,408.96315792896144,0.09392753590123863,0.6346331223494381,0.6677147257284437,15,103.77162186717533,9.59900283749927,False
prof-ARC-691082,ARCHETYPE_B_FEE_BURDENED,2,True,0.8145622186132521,291.0526314616977,0.04013053754018935,0.915139530373527,0.6871956223661202,9,88.79528188898513,29.701066271015872,True
prof-ARC-788839,ARCHETYPE_B_FEE_BURDENED,1,True,0.8818023562096173,332.0015789287938,0.11198611516347673,0.6930091667232409,0.8243208229137737,11,118.835164997598,14.350685873036063,False
prof-ARC-810114,ARCHETYPE_B_FEE_BURDENED,2,True,0.8364665355358524,358.5104597937137,0.06276690977163918,0.8089430258068936,0.7322848394202283,11,68.04108056021444,21.98025028919026,True
prof-ARC-838360,ARCHETYPE_B_FEE_BURDENED,1,True,0.9126575925160403,269.05887140067796,0.1267009224401791,0.8084509381549956,0.864596325396711,14,57.90863081657031,60.66753003150702,False
prof-ARC-657873,ARCHETYPE_B_FEE_BURDENED,2,True,0.9889460619668796,338.8805886086054,0.06560338678586071,0.9167165380401052,0.3483381504149079,7,46.08286336210811,20.713232572317988,True
prof-ARC-307748,ARCHETYPE_B_FEE_BURDENED,2,True,0.816392108836167,346.24864998015994,0.09229658810498598,0.7697704967809962,0.8126000753594478,11,32.82886024229803,39.29930327647754,False
prof-ARC-674281,ARCHETYPE_B_FEE_BURDENED,1,True,0.5967139129839959,409.258151571967,0.12818841629672448,0.9130849071277132,0.6398651531526751,12,42.21331774307929,64.2320512950814,False
prof-ARC-128634,ARCHETYPE_B_FEE_BURDENED,1,True,0.8777373225040994,356.5951764365267,0.1294738598265192,0.8532430330529224,0.608621512860089,12,86.98220722958719,38.582416508055,False
prof-ARC-378336,ARCHETYPE_B_FEE_BURDENED,1,True,0.83393942004875,331.612399824264,0.13017030459822623,0.8337665845173352,0.6872204513481159,11,65.56665388175877,32.82636638447151,False
prof-ARC-616066,ARCHETYPE_B_FEE_BURDENED,1,True,0.9427738673738909,379.48164802347026,0.07975886577050184,0.8958928388096215,0.8460720804357956,15,72.09317031083593,19.240139188239656,False
prof-ARC-499178,ARCHETYPE_B_FEE_BURDENED,1,True,0.9030737605762593,350.47131802818865,0.05583247367587489,0.9449093485028915,0.8114674362833779,13,64.96303453291515,59.23063237748783,False
prof-ARC-663566,ARCHETYPE_B_FEE_BURDENED,2,True,0.870079222915843,411.86848967817997,0.0787342249661904,0.8444801844117021,0.6459059256164266,7,54.06878190149885,38.78900732532087,False
prof-ARC-400146,ARCHETYPE_B_FEE_BURDENED,1,True,0.7553401783877289,373.74486621911956,0.0973379884210034,0.8040700051837064,0.7664644586281502,9,32.68659625390399,13.08202280477625,False
prof-ARC-135919,ARCHETYPE_B_FEE_BURDENED,1,True,0.8860881965859319,432.13332589281737,0.05040005511995169,0.7482641135240214,0.9199905530727024,6,40.774086869525085,22.329136973275354,False
prof-ARC-547158,ARCHETYPE_B_FEE_BURDENED,1,True,0.6763627951896354,349.07453602428825,0.11912314364051226,0.8762225825300417,0.8666669068898984,11,94.03786934753504,22.087090986766412,False
prof-ARC-581204,ARCHETYPE_B_FEE_BURDENED,2,True,0.799872883604213,372.9818659037408,0.16765258910754668,0.8095388497177899,0.7000728365010898,16,168.3243750752442,31.843541268466904,True
prof-ARC-449829,ARCHETYPE_B_FEE_BURDENED,1,True,0.9238409805756935,340.96212110148866,0.050470622186785066,0.5174475082787021,0.53139694726428,10,60.66452153599759,11.334032495188477,True
prof-ARC-129295,ARCHETYPE_B_FEE_BURDENED,1,True,0.8206901634005466,337.37244400450766,0.04416672860776016,0.8079976504373522,0.7828220297183203,11,60.98943802440128,34.82413821168411,False
prof-ARC-112420,ARCHETYPE_B_FEE_BURDENED,1,True,0.9389043471958486,389.1066507101972,0.12469040277519686,0.8989810846190612,0.6217552411641232,9,61.30037889136086,26.394558333361566,False
prof-ARC-851405,ARCHETYPE_B_FEE_BURDENED,1,True,0.8129197773038961,280.9414970519781,0.10736013966101315,0.6436338915837091,0.847991151999003,8,99.37089814332018,27.967038392574928,True
prof-ARC-738794,ARCHETYPE_B_FEE_BURDENED,1,True,0.7898099073053155,336.56610612375215,0.12651996106494745,0.5547789417701385,0.24100231292257052,11,64.89631508313528,27.268889304150207,False
prof-ARC-311965,ARCHETYPE_B_FEE_BURDENED,1,True,0.9149260725657163,396.4919761986222,0.13062250513111334,0.47815825834413217,0.868793877069766,11,54.020267957158886,19.272993128233516,False
prof-ARC-522376,ARCHETYPE_B_FEE_BURDENED,2,True,0.8334588716482865,329.2091895060673,0.13474728152556606,0.8765023631786837,0.7457162556623685,7,108.09400638174357,37.27356814773203,False
prof-ARC-301161,ARCHETYPE_B_FEE_BURDENED,2,True,0.935081207611562,381.36999634845375,0.05412468139128734,0.928543881473725,0.6282868103492297,10,51.78871876791013,18.2565888540636,True
prof-ARC-619161,ARCHETYPE_B_FEE_BURDENED,1,True,0.6779795610017528,392.19757002594656,0.11257951049951595,0.8754216492255061,0.7791101865041984,12,48.12343430827709,72.13796347138216,False
prof-ARC-887567,ARCHETYPE_B_FEE_BURDENED,2,True,0.8660720220700349,441.4073399654913,0.04543261311800744,0.8657345448827309,0.7266132251545065,8,41.615093430063055,27.93830432508332,True
prof-ARC-485891,ARCHETYPE_B_FEE_BURDENED,2,True,0.9916482563494429,323.21564409282166,0.10613778104370354,0.8234558843799014,0.7388625461579081,9,80.4317855828356,42.99777717738831,False
prof-ARC-600590,ARCHETYPE_B_FEE_BURDENED,2,True,0.8946603130688633,331.2003309199789,0.12528546853908698,0.9354541470667619,0.7992446564847863,13,50.00102916472958,31.465654401570788,False
prof-ARC-499319,ARCHETYPE_C_LOW_RESILIENCE,1,True,0.49029423449090803,616.3273381264478,0.03475277214113544,0.6201051136718323,0.2872576871499575,4,116.06532005302974,2.897492177327385,False
prof-ARC-802789,ARCHETYPE_C_LOW_RESILIENCE,1,True,0.7539047898619484,711.013720417587,0.027644227557464346,0.4532765975671889,0.20833895639105174,11,44.192661806325496,11.027159453560682,False
prof-ARC-826589,ARCHETYPE_C_LOW_RESILIENCE,1,True,0.3926078772977537,512.3133350540251,0.044668257876775114,0.6085780001446608,0.4895367815689771,2,63.26608628062111,0.5158337329984339,False
prof-ARC-332842,ARCHETYPE_C_LOW_RESILIENCE,1,True,0.666586767892792,760.5086639334502,0.0031898633279616923,0.6087740535248358,0.3735693982481655,7,18.58934498180123,2.224486773312548,False
prof-ARC-745171,ARCHETYPE_C_LOW_RESILIENCE,1,True,0.4494188361379719,582.2631399625593,0.053816212609227206,0.25809042405472404,0.20448118436000276,3,20.328918214213815,12.85844607679895,False
prof-ARC-581072,ARCHETYPE_C_LOW_RESILIENCE,1,True,0.7048766882717413,515.6805951735579,0.08712906336856122,0.3828098670275939,0.5249093445168463,6,34.21767863721324,0.8725303284301477,False
prof-ARC-795388,ARCHETYPE_C_LOW_RESILIENCE,2,True,0.5513233785594873,493.3678080895511,0.02761799469405902,0.7514443838620406,0.46828109833957776,6,28.205946221504885,1.4427072421543392,False
prof-ARC-878845,ARCHETYPE_C_LOW_RESILIENCE,1,True,0.611001031354349,441.71594711316567,0.02130206227090192,0.34370501873863446,0.37812360148490276,4,18.761603543321975,7.660356540601815,False
prof-ARC-840158,ARCHETYPE_C_LOW_RESILIENCE,1,True,0.7323288969222448,511.62608076345305,0.010461805471873968,0.44911061497343013,0.3613340324652173,8,25.401177034332616,3.8114936283047203,False
prof-ARC-387901,ARCHETYPE_C_LOW_RESILIENCE,1,True,0.2300699262551794,527.0439826996279,0.05555785581821875,0.6164641215564567,0.19598211995413783,3,41.12400579664614,3.505551811747774,False
prof-ARC-250468,ARCHETYPE_C_LOW_RESILIENCE,2,True,0.324339059894565,603.1435319936984,0.03682142628097863,0.22325793443642963,0.42301319091759093,5,56.754132884752885,0.04476370312635912,False
prof-ARC-765474,ARCHETYPE_C_LOW_RESILIENCE,2,True,0.5063451517730749,437.0935578167698,0.06627719587139472,0.38728978469820213,0.19810923913663997,2,38.45927476214947,0.14734952734237788,False
prof-ARC-377961,ARCHETYPE_C_LOW_RESILIENCE,1,True,0.5326953123492009,314.21642568002267,0.01016108632866224,0.5885511205437997,0.5927973996433925,4,18.824574720970194,13.73468046524761,False
prof-ARC-539179,ARCHETYPE_C_LOW_RESILIENCE,1,True,0.6076357416590277,504.39257272883697,0.046906162621238034,0.5717338479134368,0.4036741270307447,4,66.34685038072219,0.18163149514556026,False
prof-ARC-505187,ARCHETYPE_C_LOW_RESILIENCE,1,True,0.7001668995693591,427.4555343674545,0.05822432923293787,0.7760552279965078,0.4682674935340176,3,30.520535316635137,0.40381895127290707,False
prof-ARC-974664,ARCHETYPE_C_LOW_RESILIENCE,2,True,0.5439101939536287,401.96196126743416,0.05927723016213954,0.8849733144395697,0.33390277132416285,4,37.279825717163064,6.264379360025175,False
prof-ARC-511855,ARCHETYPE_C_LOW_RESILIENCE,1,True,0.39258404211836867,741.8757523716644,0.047712073346301266,0.48211440968965535,0.13260473236825165,5,32.31843622529102,1.2943562225253764,False
prof-ARC-577347,ARCHETYPE_C_LOW_RESILIENCE,1,True,0.648315630833675,587.5190016942294,0.030508274418980536,0.5721761112847886,0.4900069843389172,2,55.406604922115136,11.158592339391,False
prof-ARC-387010,ARCHETYPE_C_LOW_RESILIENCE,1,True,0.3971175686954878,509.12301188942587,0.01574252994310536,0.43413420224678867,0.13804686541606404,6,21.312882836301732,0.383480049147105,False
prof-ARC-415050,ARCHETYPE_C_LOW_RESILIENCE,1,True,0.405640392534974,478.66890997197885,0.019114060311881863,0.18333202665976941,0.4128493184760326,7,51.149577942755286,1.2959277394021453,False
prof-ARC-193120,ARCHETYPE_C_LOW_RESILIENCE,2,True,0.7720014913322536,426.55442168741115,0.010190072722036113,0.4958993761525309,0.2810704728177721,3,25.00155522113347,1.6216581918787043,False
prof-ARC-155998,ARCHETYPE_C_LOW_RESILIENCE,1,True,0.5402086315353968,527.331357129883,0.006346819121207195,0.5747337696820188,0.3983062260727208,8,17.19600531724096,10.908124380488628,False
prof-ARC-839319,ARCHETYPE_C_LOW_RESILIENCE,1,True,0.626740858589969,461.63486793986806,0.052915075196498115,0.3108526175296692,0.4076911774524161,6,55.358844290936865,4.99686290973038,False
prof-ARC-244848,ARCHETYPE_C_LOW_RESILIENCE,2,True,0.7551781384805474,667.2967699164266,0.018541359397542343,0.56419838136089,0.2023210484908361,6,21.817441337317756,2.1978562561850157,False
prof-ARC-491313,ARCHETYPE_C_LOW_RESILIENCE,2,True,0.289410879019978,614.3500536597188,0.04902311289814802,0.3465426956339067,0.417382098278908,3,43.07155302036797,1.1247266797833073,False
prof-ARC-605527,ARCHETYPE_C_LOW_RESILIENCE,1,True,0.5698792990150782,601.3521369254736,0.10732450793938379,0.5355386655745916,0.37324367988741963,5,64.32701862528383,4.657446390814416,False
prof-ARC-771544,ARCHETYPE_C_LOW_RESILIENCE,1,True,0.8707679006493296,455.24408000757,0.08474957982732048,0.8148797161227423,0.5902851804198539,6,23.064513537267416,2.203191345405258,False
prof-ARC-508840,ARCHETYPE_C_LOW_RESILIENCE,1,True,0.4212872027527633,607.9375649566227,0.05781774434739353,0.5386792677277646,0.5434922695814468,10,18.383412173139682,0.9231130318812243,False
prof-ARC-330582,ARCHETYPE_C_LOW_RESILIENCE,1,True,0.7635572928310601,399.3077700861986,0.03981104823079156,0.5047147743004319,0.25343840633222586,7,36.37156894822804,1.155795086572746,False
prof-ARC-664312,ARCHETYPE_C_LOW_RESILIENCE,2,True,0.5627190451188389,551.6766018872244,0.0365240339951014,0.501652728950589,0.48865670993759086,9,24.572719207132135,3.036529790234575,False
prof-ARC-962662,ARCHETYPE_C_LOW_RESILIENCE,2,True,0.6382551298852343,522.611588682558,0.08141782961644371,0.6762877128347197,0.12702981701237454,6,31.951117398247177,1.4318810413635061,False
prof-ARC-778514,ARCHETYPE_C_LOW_RESILIENCE,2,True,0.4929514133917548,625.6531900986711,0.02016823878251554,0.6660263279544835,0.49160751779496326,4,30.00375145465269,4.790205416117097,False
prof-ARC-244776,ARCHETYPE_C_LOW_RESILIENCE,1,True,0.4320721263078178,647.0885889088158,0.0188557694116375,0.5403193322587853,0.45966857223540264,6,34.15357747545685,2.63033961970417,False
prof-ARC-951198,ARCHETYPE_C_LOW_RESILIENCE,1,True,0.6801153074359709,593.2257284600628,0.07403489871985477,0.35151404918459916,0.40380029249224514,4,35.17955185878548,2.2249833332986526,False
prof-ARC-318422,ARCHETYPE_C_LOW_RESILIENCE,1,True,0.3169223385568419,466.3661463503712,0.004360186271926313,0.4580359748785694,0.5411710962142117,6,25.234419814511025,0.08094581431592522,False
prof-ARC-431061,ARCHETYPE_C_LOW_RESILIENCE,1,True,0.548401002654233,749.9615816508209,0.021214379925167646,0.43649069989733397,0.38918309809596696,6,15.570727469281673,7.78162247778936,False
prof-ARC-133103,ARCHETYPE_C_LOW_RESILIENCE,1,True,0.47065809954006355,493.6985805087332,0.01392764121426502,0.6133932948015632,0.40210962171708814,4,40.89114938105569,6.240647868625172,False
prof-ARC-269839,ARCHETYPE_C_LOW_RESILIENCE,2,True,0.6010612909871983,599.0823404145955,0.050361196919527534,0.7553770013317771,0.5580626422056426,3,61.776780495575515,4.6347487406534364,False
prof-ARC-333084,ARCHETYPE_C_LOW_RESILIENCE,1,True,0.6731466065627931,422.00187263742043,0.030432759708312242,0.3800813019998107,0.5111933190415539,5,43.643846223782305,0.1785898529494366,False
prof-ARC-242475,ARCHETYPE_C_LOW_RESILIENCE,1,True,0.43907176366782374,677.9990230120758,0.008654093594684338,0.638580748892551,0.15851737857359063,6,20.20383624332019,2.402040353027538,False
prof-ARC-531003,ARCHETYPE_C_LOW_RESILIENCE,2,True,0.8635437170122653,565.3294001881026,0.022356917399667282,0.6118966701488192,0.2690234702668251,4,11.059680367294245,1.7007850800129196,False
prof-ARC-265379,ARCHETYPE_C_LOW_RESILIENCE,2,True,0.6453384344158102,496.4143273430603,0.022911366837040266,0.40823133520464877,0.11405472762533822,3,32.3175965833757,8.311639702863047,False
prof-ARC-585685,ARCHETYPE_C_LOW_RESILIENCE,1,True,0.576904576823148,519.8868374222055,0.009009724568446693,0.6027693064856816,0.5729392164045998,4,41.74285619161166,15.687845063003467,False
prof-ARC-957148,ARCHETYPE_C_LOW_RESILIENCE,1,True,0.7944957867457955,592.4249552975011,0.024135805744025022,0.6181150235008034,0.46667149191859186,2,32.38568649324827,2.483266143258778,False
prof-ARC-853340,ARCHETYPE_C_LOW_RESILIENCE,1,True,0.5040134757603675,528.2712400450903,0.012756896569490224,0.647127869883451,0.47535826189424474,4,20.90152059915229,1.5020673575985364,False
prof-ARC-703986,ARCHETYPE_C_LOW_RESILIENCE,1,True,0.6936611677287317,684.4685173230615,0.05584759954547977,0.6352472145235093,0.38209995751872555,2,32.041380108935904,0.3262551060101756,False
prof-ARC-845371,ARCHETYPE_C_LOW_RESILIENCE,1,True,0.7176480915715953,754.8813619098335,0.056215593079540896,0.6679247104405655,0.2915528443843495,6,35.34750803325054,3.752549100975824,False
prof-ARC-165638,ARCHETYPE_C_LOW_RESILIENCE,1,True,0.6871809964090002,516.9303854557227,0.004424633691001476,0.4584826979470014,0.40384008066731525,10,52.955631212754106,1.1514973130250978,False
prof-ARC-524286,ARCHETYPE_C_LOW_RESILIENCE,1,True,0.5781717068290045,373.4689675685162,0.012948676718987827,0.4422541765759153,0.3196355537593654,3,27.770695119671682,8.610579688552967,False
prof-ARC-872874,ARCHETYPE_C_LOW_RESILIENCE,1,True,0.5717497776659133,644.4477132198502,0.0531211319611194,0.8596387329296447,0.2914773304447588,6,28.947372907775897,6.191284075066178,False
prof-ARC-345739,ARCHETYPE_C_LOW_RESILIENCE,1,True,0.8762709422592926,565.8244219484798,0.01637727380382803,0.4578368772614685,0.7294290108424254,6,37.74742668370862,15.295951263789965,False
prof-ARC-670073,ARCHETYPE_C_LOW_RESILIENCE,2,True,0.3831469292169423,718.2647594013297,0.03113353822496902,0.8203481205078749,0.26218280497656327,2,27.628932654882778,27.91947310112328,False
prof-ARC-892420,ARCHETYPE_C_LOW_RESILIENCE,1,True,0.7586565840818216,605.4142926512749,0.015485752494093223,0.5533695433713449,0.4633645172631345,6,25.119454753610192,5.203249605755081,False
prof-ARC-577744,ARCHETYPE_C_LOW_RESILIENCE,2,True,0.5614715151917894,636.7608827103527,0.048784200126281915,0.45130990107089136,0.5976750492748509,8,40.142471918009,0.20983885415350556,False
prof-ARC-353048,ARCHETYPE_C_LOW_RESILIENCE,1,True,0.6655483300004168,574.304662965365,0.03501111651867786,0.495186515853373,0.5529497171559778,1,17.134605361830108,6.579590037053552,False
prof-ARC-134623,ARCHETYPE_C_LOW_RESILIENCE,1,True,0.7638383201690405,728.5199078539923,0.015470756342584878,0.7740790330668645,0.217091453128478,4,22.948421309870586,2.003738934568075,False
prof-ARC-345170,ARCHETYPE_C_LOW_RESILIENCE,1,True,0.5380020549977885,827.1789609491639,0.04042415714626287,0.4277730325234709,0.39882258050609765,4,34.90812510315225,7.9415072227945105,False
prof-ARC-954259,ARCHETYPE_C_LOW_RESILIENCE,1,True,0.6909592084715682,588.2739618708453,0.06068782540809943,0.524996447043311,0.3665064427031294,6,18.150819802559703,4.543600890414766,False
prof-ARC-564904,ARCHETYPE_C_LOW_RESILIENCE,2,True,0.5549215349572645,436.9050033791725,0.034086070652456016,0.46864278983233754,0.3257751116083834,5,22.602653333059344,12.656284263893989,False
prof-ARC-435475,ARCHETYPE_C_LOW_RESILIENCE,2,True,0.6864599557182948,560.7324883134119,0.05285157397774943,0.3480687725635737,0.7092902996026834,3,63.439599446178285,2.329450078238703,False
prof-ARC-601554,ARCHETYPE_C_LOW_RESILIENCE,2,True,0.4113982504897279,595.9287097687361,0.045444460700739805,0.47007081027554837,0.12863377195638637,6,96.12156938145601,1.206154982693907,False
prof-ARC-451406,ARCHETYPE_C_LOW_RESILIENCE,1,True,0.8416872290950065,829.9824146337832,0.019184203888639426,0.3899022415233057,0.6646370930835391,5,16.935889066846453,4.750354478292487,False
prof-ARC-218502,ARCHETYPE_C_LOW_RESILIENCE,1,True,0.8096817731684772,435.22123922305616,0.061563873176823,0.7762016183985395,0.4316965583209232,1,16.478678955278035,10.130324746016445,False
prof-ARC-473691,ARCHETYPE_C_LOW_RESILIENCE,2,True,0.5477026501866538,450.73409845484184,0.022177629905658247,0.34337601583939587,0.44681327788918374,2,58.764288047276956,2.266140139634024,False
prof-ARC-214794,ARCHETYPE_C_LOW_RESILIENCE,2,True,0.7429837296429572,445.5487083602127,0.06760027800573484,0.38391453200011233,0.6274217807246032,5,21.125511011662255,1.470632754264539,False
prof-ARC-560372,ARCHETYPE_C_LOW_RESILIENCE,2,True,0.7045516310176445,724.4495549359888,0.03414809454669581,0.47144472637424467,0.30865628609797746,8,24.406728299364403,1.9701541389035884,False
prof-ARC-568668,ARCHETYPE_C_LOW_RESILIENCE,1,True,0.6808318641174798,538.6123392264259,0.03909352387443768,0.5394887196083443,0.39386613036582346,2,67.01740271203013,2.51336574800829,False
prof-ARC-361536,ARCHETYPE_C_LOW_RESILIENCE,1,True,0.6855914359466966,470.87708611609486,0.08890614087085172,0.572752304121094,0.4578129976416857,6,19.86262382414396,3.4888081053117985,False
prof-ARC-890428,ARCHETYPE_C_LOW_RESILIENCE,2,True,0.5305134152355386,380.89426073712696,0.022467331567653178,0.47701692656187994,0.2942643284698122,6,31.325259188372353,7.522915827102315,False
prof-ARC-279598,ARCHETYPE_C_LOW_RESILIENCE,2,True,0.45052090049044674,428.86396485609384,0.03232633994481986,0.8602959430612379,0.23769993044858329,3,56.145438285312096,17.623992272894494,False
prof-ARC-750222,ARCHETYPE_C_LOW_RESILIENCE,1,True,0.7023789897549129,690.4219568150886,0.017582081875693666,0.2811492574547321,0.4216355191917891,3,22.374322379436222,1.8570423377422531,False
prof-ARC-466709,ARCHETYPE_C_LOW_RESILIENCE,1,True,0.6261819115231229,543.7023080185508,0.04760231731719316,0.5472691856970819,0.536651375928523,4,30.240359230216747,3.5769311453365873,False
prof-ARC-302132,ARCHETYPE_C_LOW_RESILIENCE,1,True,0.6883266034178354,604.0441487302528,0.026897918280219174,0.620191295376562,0.33336646969530276,6,29.844106659846982,8.91637718028961,False
prof-ARC-166573,ARCHETYPE_C_LOW_RESILIENCE,2,True,0.7198809500041786,642.180692221913,0.02317922195394387,0.46193126816625224,0.21908379775125625,10,38.27516617048845,1.667604172300269,False
prof-ARC-325366,ARCHETYPE_C_LOW_RESILIENCE,1,True,0.619686067522081,650.3313312814902,0.06744462368460834,0.4995163422708843,0.25041578521837715,5,38.895625128311174,0.2077560686267302,False
prof-ARC-842474,ARCHETYPE_C_LOW_RESILIENCE,1,True,0.585150726431378,574.3485393875911,0.03704683454740473,0.673330921518934,0.24999183661679067,5,21.415740356932996,18.025056328388946,False
prof-ARC-812717,ARCHETYPE_C_LOW_RESILIENCE,1,True,0.4623603522727795,585.8386613128175,0.028802047171631373,0.5588119137536919,0.2260244203887197,7,43.801922313601345,8.096084752273445,False
prof-ARC-874815,ARCHETYPE_C_LOW_RESILIENCE,1,True,0.5419786454604119,418.2386309867238,0.0127661783699712,0.5192266853741832,0.6688636622317459,1,45.73925775678234,0.4626505915790618,False
prof-ARC-890879,ARCHETYPE_C_LOW_RESILIENCE,1,True,0.7237001642101363,606.733047698663,0.05514638721983386,0.4165173930711171,0.32789744152810296,4,62.4724313926035,6.621374824267402,False
prof-ARC-346229,ARCHETYPE_C_LOW_RESILIENCE,1,True,0.45585630157290774,677.4767695278103,0.04297088673518621,0.29177682834905205,0.3051097620843644,5,39.4303016928397,0.9996480679243502,False
prof-ARC-640853,ARCHETYPE_C_LOW_RESILIENCE,1,True,0.8302380891652834,501.13161536517873,0.16101761843708703,0.4958582194443637,0.2911377146631768,1,34.55488566164126,0.343274492966735,False
prof-ARC-835712,ARCHETYPE_C_LOW_RESILIENCE,2,True,0.5672569411421947,362.23163963596903,0.03523403832677691,0.5782562051417446,0.3555860807455435,6,43.62861687375669,0.19715328407566818,False
prof-ARC-884492,ARCHETYPE_C_LOW_RESILIENCE,1,True,0.5686971228936938,573.1425468312308,0.039549075757116775,0.7574720331065647,0.762294086835212,5,39.221950533143136,1.9620756704030426,False
prof-ARC-862659,ARCHETYPE_C_LOW_RESILIENCE,1,True,0.44766131850390983,524.7455877784915,0.03192001683460774,0.7126190704579457,0.6162588081185317,3,24.255361003508433,0.20187589788540491,False
prof-ARC-762737,ARCHETYPE_C_LOW_RESILIENCE,2,True,0.4583707825995238,372.8943197662818,0.019592679284265172,0.7427004039966113,0.2670386689285586,4,25.504268651769475,3.8075935958056117,False
prof-ARC-263073,ARCHETYPE_C_LOW_RESILIENCE,2,True,0.547547998477526,592.7787265637708,0.0313965288596998,0.650208386359096,0.3670711086869736,4,56.052559807842506,4.12602325832498,False
prof-ARC-837897,ARCHETYPE_C_LOW_RESILIENCE,1,True,0.45519557913877595,697.6530037452702,0.04834955663924443,0.613421352610081,0.14285263196218564,7,35.44783988673433,7.625095352178118,False
prof-ARC-544802,ARCHETYPE_C_LOW_RESILIENCE,1,True,0.2883076483851495,767.9345399045663,0.029929310528448754,0.5017289268155009,0.45152075711955825,5,23.722812786368774,1.5035738452988692,False
prof-ARC-989427,ARCHETYPE_C_LOW_RESILIENCE,1,True,0.38237735855401916,684.2956331631226,0.02656694123615237,0.5631555400707026,0.6112044197514166,3,34.40802993911225,0.005733038658654413,False
prof-ARC-863488,ARCHETYPE_C_LOW_RESILIENCE,1,True,0.6164027596529993,696.5933685934758,0.11187691453370087,0.5111725754045764,0.41216620805844223,5,41.09890101668096,1.5330819068084702,False
prof-ARC-360637,ARCHETYPE_C_LOW_RESILIENCE,1,True,0.6052681765478524,649.3972064075479,0.03950297686726949,0.5214387082961834,0.537294949756027,6,41.151897943659996,12.509850770386496,False
prof-ARC-189897,ARCHETYPE_C_LOW_RESILIENCE,1,True,0.4067241973775251,410.6852648451794,0.07386793620249356,0.40614429864296997,0.2653310194437435,3,24.389621897407693,3.4184049765531044,False
prof-ARC-126866,ARCHETYPE_C_LOW_RESILIENCE,1,True,0.5832809747580785,625.4054284845713,0.05376581301409835,0.34047393062956893,0.512034081729786,6,46.99827766631962,0.7987520190040899,False
prof-ARC-654236,ARCHETYPE_C_LOW_RESILIENCE,2,True,0.6670439098330627,297.5778319678879,0.019738452104527952,0.5310085968986172,0.4435523953419598,3,13.565475723303525,3.748861992366299,False
prof-ARC-523252,ARCHETYPE_C_LOW_RESILIENCE,1,True,0.36804976238334586,591.2830445696462,0.018113114681727886,0.5611463487212334,0.3402738309303686,8,27.346462545312253,2.798352045215122,False
prof-ARC-294080,ARCHETYPE_C_LOW_RESILIENCE,2,True,0.12320727727762719,587.7364366135247,0.022472751976730165,0.5701255694462928,0.35130929394303884,9,22.317624498197873,4.046632156516345,False
prof-ARC-380400,ARCHETYPE_C_LOW_RESILIENCE,2,True,0.5644411439824923,437.0256334268714,0.08981813772526699,0.6333073363669673,0.2391984694703887,5,30.176999898246407,2.9953365531248943,False
prof-ARC-259860,ARCHETYPE_C_LOW_RESILIENCE,1,True,0.5528837125854225,678.0352020837136,0.08144705032615138,0.4303032008307926,0.4193176471960552,3,35.913230039084375,0.34759602693252895,False
prof-ARC-438141,ARCHETYPE_C_LOW_RESILIENCE,1,True,0.7166488645974713,647.3885053322872,0.04252205109546711,0.44059310291531845,0.38463243050797846,4,42.16174652663972,6.693576604362274,False
prof-ARC-819968,ARCHETYPE_C_LOW_RESILIENCE,1,True,0.7493633994065573,482.4062335196173,0.08693239754220532,0.2185863812400142,0.2390858036197404,8,26.128610507717617,0.9561907833440165,False
prof-ARC-367053,ARCHETYPE_C_LOW_RESILIENCE,2,True,0.8364392302540417,570.783838336407,0.02240423328732922,0.34128142559343,0.4128051696591973,7,51.08089451026924,0.09451120418015489,False
prof-ARC-296012,ARCHETYPE_C_LOW_RESILIENCE,2,True,0.6464952741831799,518.4438709998007,0.04360563948714206,0.5508321465499065,0.39255167080667064,5,64.11330121157835,2.541238948237836,False
prof-ARC-190868,ARCHETYPE_C_LOW_RESILIENCE,1,True,0.6189197806644743,417.03173926073714,0.009409891161538125,0.28485108768647954,0.36632054065829733,6,29.802212647548643,5.6885434864765205,False
prof-ARC-183335,ARCHETYPE_C_LOW_RESILIENCE,1,True,0.5192633280183969,644.229322880333,0.05925574051143367,0.5206279740293374,0.12342483139118125,8,50.91335636993529,2.891102857771564,False
prof-ARC-835081,ARCHETYPE_C_LOW_RESILIENCE,1,True,0.7973629480426805,518.604781308414,0.034107386496645464,0.4026004934815104,0.3140965119991883,7,37.5514053535292,15.79014214183604,False
prof-ARC-668615,ARCHETYPE_C_LOW_RESILIENCE,1,True,0.612004795056551,542.8717259852548,0.04248537839374033,0.4340411835451147,0.13429792428056325,6,23.834942326813653,12.620944631116345,False
prof-ARC-470570,ARCHETYPE_C_LOW_RESILIENCE,1,True,0.6771214361619334,542.1613300270607,0.03939828718321595,0.2493127965870599,0.5718449248435332,6,31.83652085229789,0.8247253968565669,False
prof-ARC-321714,ARCHETYPE_C_LOW_RESILIENCE,1,True,0.6461024959977536,604.3654128280607,0.08730704538258904,0.2916157011472554,0.7644910851985238,8,39.66544651572424,10.282939779922422,False
prof-ARC-353107,ARCHETYPE_C_LOW_RESILIENCE,2,True,0.613971318097291,524.362939644049,0.01947761762105084,0.4389785086155489,0.3225395443330195,3,50.914039583580816,0.7186184712019738,False
prof-ARC-780583,ARCHETYPE_C_LOW_RESILIENCE,1,True,0.4644290641089698,504.9215506906535,0.036574004244164016,0.16776062528362876,0.09959616253830575,5,32.690382700991194,2.2233984579598283,False
prof-ARC-213827,ARCHETYPE_C_LOW_RESILIENCE,1,True,0.6301837169521008,483.46972775705416,0.05002778397886075,0.6576107588454193,0.25133638808793,1,24.41442355968952,2.504056964379836,False
prof-ARC-650008,ARCHETYPE_C_LOW_RESILIENCE,2,True,0.38616042060230116,584.1179629003357,0.049261091586517515,0.21768467211609743,0.29270892658833536,8,28.172998806923623,0.3202987928689385,False
prof-ARC-726618,ARCHETYPE_C_LOW_RESILIENCE,1,True,0.6183783648506792,570.0097118424073,0.08556892084064491,0.6275245973174508,0.5331224319393263,6,40.87289833693547,8.16182610085052,False
prof-ARC-318102,ARCHETYPE_C_LOW_RESILIENCE,1,True,0.522846159909588,636.0085067742821,0.05166555950139318,0.41274275004790556,0.24535524155993832,8,35.84993169734497,1.988986037747754,False
prof-ARC-112155,ARCHETYPE_C_LOW_RESILIENCE,1,True,0.598984856410191,437.90594383366226,0.07745081276620373,0.4696487803601157,0.3583896400957107,7,76.01521569833037,1.0733981545352016,False
prof-ARC-544912,ARCHETYPE_C_LOW_RESILIENCE,1,True,0.6076134211044165,487.8668276478021,0.032360860309121615,0.5040623111168697,0.12809611555550013,7,43.467236445758004,10.723007696330669,False
prof-ARC-785671,ARCHETYPE_C_LOW_RESILIENCE,2,True,0.7342163795395527,517.0263549910704,0.12481775710515625,0.44757590366762706,0.3070947700886652,1,39.75298876049247,2.7415008423201015,False
prof-ARC-730100,ARCHETYPE_C_LOW_RESILIENCE,2,True,0.5929817108691884,655.7453139434193,0.03217605068687973,0.5285068726498995,0.4491761089439216,2,23.645757495997504,0.5991376971530042,False
prof-ARC-171296,ARCHETYPE_C_LOW_RESILIENCE,1,True,0.6515176773927419,532.8808415608066,0.05149884515646589,0.21400018289596776,0.6698526421743692,4,93.07950343056687,8.036136218798152,False
prof-ARC-198631,ARCHETYPE_C_LOW_RESILIENCE,1,True,0.6969843276874265,563.819274779132,0.011895324140290662,0.4368379649626146,0.4107448501853708,5,29.19847805362932,1.8910220101557476,False
prof-ARC-738975,ARCHETYPE_C_LOW_RESILIENCE,1,True,0.51113880542071,624.7436340539774,0.048939351014766125,0.7290229693201455,0.6381205986156971,4,31.733702043487106,0.9460839080457115,False
prof-ARC-988580,ARCHETYPE_C_LOW_RESILIENCE,2,True,0.6069920038775256,479.7526041949588,0.06325526183799353,0.41396182143032545,0.5734455451754585,2,35.49856433054788,11.703124374288265,False
prof-ARC-255561,ARCHETYPE_C_LOW_RESILIENCE,1,True,0.7254578641290625,564.1478952934674,0.029265391270234184,0.7874791674317378,0.25751495703343275,5,24.330520172212463,0.550431650885155,False
prof-ARC-757784,ARCHETYPE_C_LOW_RESILIENCE,1,True,0.8932444673901525,580.084189231614,0.024079367584376586,0.5469229139456108,0.5361874338732321,6,26.193810746070657,3.420458442267039,False
prof-ARC-789680,ARCHETYPE_C_LOW_RESILIENCE,1,True,0.5710613290898437,644.925730185291,0.01978744363474736,0.4672975378196841,0.7625874842057438,2,45.54906373779633,6.58790209697122,False
prof-ARC-570929,ARCHETYPE_C_LOW_RESILIENCE,2,True,0.7230689340225354,463.3008425960369,0.01632885162483842,0.4189783067541519,0.5790108018048147,2,36.1044003207294,0.1458038467421692,False
prof-ARC-652587,ARCHETYPE_C_LOW_RESILIENCE,2,True,0.5534107241181063,445.1849700219863,0.06612025126629413,0.4995084549394988,0.28931210217207914,4,29.263018056429868,1.0674019800383259,False
prof-ARC-136108,ARCHETYPE_C_LOW_RESILIENCE,1,True,0.6610205502263014,571.8157269342026,0.031398627917055784,0.652912737251009,0.3145389342985905,8,26.86966666275546,3.1572601752265013,False
prof-ARC-562342,ARCHETYPE_C_LOW_RESILIENCE,2,True,0.5787613970633647,492.45097869038784,0.012586092272218035,0.45721736076649216,0.5282905454976996,5,59.065359634680945,3.099305397150915,False
prof-ARC-732381,ARCHETYPE_C_LOW_RESILIENCE,1,True,0.49079727511301735,529.0532885142811,0.048154283104924075,0.49610189005829686,0.4744776149056974,8,36.44288210732171,5.478545755374081,False
prof-ARC-186613,ARCHETYPE_C_LOW_RESILIENCE,2,True,0.9476478181101723,761.2089327252909,0.0816922709611339,0.36415055392129364,0.38397151410425373,3,22.709451309879103,6.05521452967912,False
prof-ARC-601288,ARCHETYPE_C_LOW_RESILIENCE,1,True,0.5470239841818265,678.4926999680931,0.07350071012922776,0.5960266151096982,0.4169389827392153,3,23.187365982851773,0.7791916629644969,False
prof-ARC-835158,ARCHETYPE_C_LOW_RESILIENCE,1,True,0.6933551821306382,305.8757943894181,0.06566716508727768,0.48894551576231005,0.1426969085233731,5,22.43359614729889,9.439438893739728,False
prof-ARC-434629,ARCHETYPE_C_LOW_RESILIENCE,2,True,0.5243581678139164,369.9229298077364,0.0746819141827569,0.3505035542985128,0.19449942410121493,11,30.961436186187328,3.758109773420118,False
prof-ARC-876202,ARCHETYPE_C_LOW_RESILIENCE,1,True,0.7988185201708352,575.8142881052974,0.07649780167842843,0.5911767173152993,0.20171307207617528,7,40.89358245275992,2.0796796478944715,False
prof-ARC-349699,ARCHETYPE_C_LOW_RESILIENCE,1,True,0.747539560623195,681.6055960209627,0.0810850653755606,0.669339091394884,0.37414114742106974,3,37.51707782729657,13.022599459360197,False
prof-ARC-195933,ARCHETYPE_C_LOW_RESILIENCE,2,True,0.45138648217746163,578.1115580996716,0.05029543441424432,0.44393792175746416,0.4486667422380163,10,35.30468266257336,0.5480415858204848,False
prof-ARC-171656,ARCHETYPE_C_LOW_RESILIENCE,1,True,0.5839492083673516,390.6274144044896,0.005222940354994883,0.2179822781378446,0.5041310917789918,7,37.81207559484929,10.869261549691851,False
prof-ARC-974415,ARCHETYPE_C_LOW_RESILIENCE,2,True,0.6379913852505106,505.77113220355625,0.015247824825570327,0.5109223094632408,0.3456796724702353,2,52.15065108970235,10.689294603082631,False
prof-ARC-635221,ARCHETYPE_C_LOW_RESILIENCE,1,True,0.6633727118435105,506.4821227301217,0.060922753222673175,0.5334526777569933,0.31507956081554883,5,35.98166214941962,5.205578522046828,False
prof-ARC-778972,ARCHETYPE_C_LOW_RESILIENCE,2,True,0.7122896839238401,438.4579996469794,0.019664383977867936,0.3472740993121767,0.5191916803985624,3,63.91554915956395,0.4721209005347559,False
prof-ARC-748675,ARCHETYPE_C_LOW_RESILIENCE,1,True,0.3192971994005942,656.4087561264658,0.054633198615844876,0.65303369168289,0.40731828574997875,9,32.61255878523726,0.5911588937113398,False
prof-ARC-655289,ARCHETYPE_C_LOW_RESILIENCE,1,True,0.7258448628680861,701.9394596941341,0.009467775599355344,0.6664728119533923,0.42154252841621437,3,35.03594270699102,4.7966416670215075,False
prof-ARC-354628,ARCHETYPE_C_LOW_RESILIENCE,1,True,0.2581713679448947,573.2483622513339,0.042441356213639064,0.25355771804242566,0.694062046584329,4,30.494795567254577,10.665701181481896,False
prof-ARC-763610,ARCHETYPE_C_LOW_RESILIENCE,2,True,0.6123186422404636,515.5480416503775,0.031634588599526774,0.6113958328423912,0.411385324862542,5,53.00117777347369,16.82586851367657,False
prof-ARC-529318,ARCHETYPE_C_LOW_RESILIENCE,1,True,0.5966576240644721,475.2782691513256,0.01682710790737523,0.6160033422654765,0.45746241869149024,4,40.53009591307124,1.6994891325336452,False
prof-ARC-912049,ARCHETYPE_C_LOW_RESILIENCE,1,True,0.43170854603275277,550.5928747477722,0.02199507596591829,0.2775669695030977,0.6230131593125972,10,64.5456954250371,6.756285202949538,False
prof-ARC-984956,ARCHETYPE_C_LOW_RESILIENCE,2,True,0.5210522058941739,572.0876226086526,0.053432359153651125,0.7073178930066932,0.40772947253249786,3,11.734346733660017,9.580022945561744,False
prof-ARC-310674,ARCHETYPE_C_LOW_RESILIENCE,1,True,0.5749771786179574,735.8608896678513,0.04293507777854005,0.5151767590488006,0.24323329813253122,8,35.23941646482552,0.9782548893614516,False
prof-ARC-375483,ARCHETYPE_C_LOW_RESILIENCE,1,True,0.9025147290948659,374.48341200100197,0.02218133948537126,0.48358534111234613,0.4629009865828321,4,17.405134575142938,12.159819991311732,False
prof-ARC-738053,ARCHETYPE_C_LOW_RESILIENCE,1,True,0.5612236174685064,549.4378306399357,0.03214616948241177,0.5803047148458844,0.5609231922330361,2,18.279084647357543,4.523760046287789,False
prof-ARC-279936,ARCHETYPE_C_LOW_RESILIENCE,1,True,0.5895735296900246,595.1547491239506,0.04743070532546578,0.4690991978748133,0.3274904193431378,9,28.9116436501788,5.754886391993383,False
prof-ARC-648774,ARCHETYPE_C_LOW_RESILIENCE,1,True,0.8921630513516533,585.6452914046992,0.04374303062805868,0.5278077642675214,0.42312429333113105,4,65.34143610299861,2.265336156672766,False
prof-ARC-175909,ARCHETYPE_C_LOW_RESILIENCE,2,True,0.5840812156933018,605.0556932826232,0.018383906302584487,0.17240461107358693,0.14885669091551035,9,42.21629525852885,1.9258826359636743,False
prof-ARC-569769,ARCHETYPE_C_LOW_RESILIENCE,2,True,0.7111370633962456,683.8625770532688,0.06372389842758791,0.806627697716501,0.4234651564235941,5,22.6254968940081,10.68364494095704,False
prof-ARC-470458,ARCHETYPE_C_LOW_RESILIENCE,1,True,0.6317216674765037,598.9895106409643,0.023139050892768423,0.3010061693154617,0.3120882437213634,4,52.96651625434719,11.31124025946573,False
prof-ARC-229447,ARCHETYPE_C_LOW_RESILIENCE,2,True,0.4042242794501835,549.2332197951932,0.03832525449116412,0.48794826450980405,0.2811338505009725,9,36.48898748239562,5.251447347260082,False
prof-ARC-895105,ARCHETYPE_C_LOW_RESILIENCE,1,True,0.6000726086204057,511.24564854843294,0.04814463117453113,0.3141155617778813,0.32884863173710316,4,24.628886862009203,3.117612981027962,False
prof-ARC-777298,ARCHETYPE_C_LOW_RESILIENCE,2,True,0.7138901493022453,609.1624723284659,0.08338146074470477,0.5531209466940352,0.06567820841339427,9,37.346672754550376,6.23972430259203,False
prof-ARC-977346,ARCHETYPE_C_LOW_RESILIENCE,1,True,0.6613286099686374,487.0132650862625,0.03224067582216845,0.18571450684647214,0.42206398612395535,1,19.37939774249607,2.3024828752651443,False
prof-ARC-619657,ARCHETYPE_C_LOW_RESILIENCE,1,True,0.45575203951140236,541.1420396951877,0.032265673732743666,0.6269956156904309,0.33953477213171757,4,54.01315900503635,4.262823097290896,False
prof-ARC-271656,ARCHETYPE_C_LOW_RESILIENCE,1,True,0.5979210791088515,627.508941174564,0.07647288686616233,0.5643467916633558,0.513055654081203,2,18.822717005693935,10.07414976714265,False
prof-ARC-472526,ARCHETYPE_C_LOW_RESILIENCE,1,True,0.6211255980295405,587.8477532435707,0.011992630376917252,0.3161591244283551,0.3716237625082522,6,69.16673688224745,1.8564215163224593,False
prof-ARC-237011,ARCHETYPE_C_LOW_RESILIENCE,1,True,0.5598235657697359,513.5259592197764,0.03537465585319171,0.40526474006390006,0.463252365680181,3,38.1115601900745,4.122386738030085,False
prof-ARC-481522,ARCHETYPE_C_LOW_RESILIENCE,1,True,0.2645285623542644,540.2810456176563,0.029806115687466685,0.4782572148186167,0.43053523273770294,4,19.94809047502829,19.074015740755744,False
prof-ARC-170272,ARCHETYPE_C_LOW_RESILIENCE,1,True,0.5709507410691894,532.7126924620275,0.030451688240465805,0.3128123598835051,0.1872679383384314,5,108.27970257862475,14.008668596589986,False
prof-ARC-823911,ARCHETYPE_C_LOW_RESILIENCE,2,True,0.48046788870671425,545.5372376933558,0.027158214806434926,0.29577909313155737,0.5290050331147536,5,42.48943267619723,12.105130854533698,False
prof-ARC-798394,ARCHETYPE_C_LOW_RESILIENCE,1,True,0.650624426251691,511.39773577108,0.047684237350710125,0.2862844109208956,0.7175316419870069,4,64.35970853222125,2.336669520078425,False
prof-ARC-650937,ARCHETYPE_C_LOW_RESILIENCE,1,True,0.6108280838980392,577.7524684476296,0.02263128743321053,0.452482453071797,0.25543190146630146,5,16.218742124177545,0.32890090233988306,False
prof-ARC-804003,ARCHETYPE_C_LOW_RESILIENCE,1,True,0.6176697812400543,488.5454987445387,0.020651920675049656,0.30765576435868636,0.22212507203454698,9,112.08698666954548,2.643587261187403,False
prof-ARC-269461,ARCHETYPE_C_LOW_RESILIENCE,1,True,0.48100520006536646,548.1343206222374,0.16029557799197838,0.30250287198870346,0.6408938211743208,9,17.91098986233603,4.327099207729025,False
prof-ARC-507039,ARCHETYPE_C_LOW_RESILIENCE,1,True,0.3776051301928255,364.11108615252806,0.01774032501166046,0.5538909540620885,0.46737456907865516,7,13.432187406472435,4.246308047058075,False
prof-ARC-865245,ARCHETYPE_C_LOW_RESILIENCE,1,True,0.6345130888457491,574.4598069649218,0.06580452919174953,0.752066958445679,0.4386304765082482,5,30.640700992071338,4.6871708196141135,False
prof-ARC-199427,ARCHETYPE_C_LOW_RESILIENCE,2,True,0.6846395854675977,471.2288817120884,0.04676914977180836,0.2507239064766078,0.337291886909522,7,36.33432500191072,1.7188198250538158,False
prof-ARC-758878,ARCHETYPE_C_LOW_RESILIENCE,1,True,0.41160091644134267,480.06809552679545,0.01696626234151605,0.564396839502019,0.45140025963478914,7,21.39725097567779,6.071919916936919,False
prof-ARC-987424,ARCHETYPE_C_LOW_RESILIENCE,1,True,0.5478278766908151,460.9168319869218,0.00424133509737946,0.3913541674067097,0.46226282758185844,3,33.49194666621253,5.859679766745266,False
prof-ARC-816932,ARCHETYPE_C_LOW_RESILIENCE,2,True,0.742300808174325,433.2413559740455,0.0423972944935413,0.3960883194529929,0.340545995307671,4,21.07948099386992,12.64069522038727,False
prof-ARC-818684,ARCHETYPE_C_LOW_RESILIENCE,1,True,0.778830922923891,485.5492298124328,0.05812852271849191,0.5787511491676517,0.6102994287520255,6,38.360814444928714,28.25908133559658,False
prof-ARC-700715,ARCHETYPE_C_LOW_RESILIENCE,1,True,0.7674735843104408,381.6720673986911,0.04380624846210162,0.7068734902655336,0.5160344576225195,9,26.075993578605214,1.062534679232082,False
prof-ARC-615034,ARCHETYPE_C_LOW_RESILIENCE,1,True,0.6239512148326029,469.61968199029144,0.050258984451227805,0.6642980314601025,0.4316673948749274,6,17.37863608002435,5.58842775868606,False
prof-ARC-298482,ARCHETYPE_C_LOW_RESILIENCE,1,True,0.5576863176168944,562.5027578691468,0.12492974631649262,0.4649046592302529,0.2263552614755133,8,20.67748104873731,5.350301376325542,False
prof-ARC-958521,ARCHETYPE_C_LOW_RESILIENCE,1,True,0.3254193395528825,378.78076398776057,0.01561446197032727,0.1672015454606593,0.3841685967594077,5,18.37115264909183,3.7210475897337507,False
prof-ARC-747693,ARCHETYPE_C_LOW_RESILIENCE,1,True,0.7096267003693478,503.2465515681381,0.03266593167041768,0.549537471237578,0.5100940836652645,3,27.684079502001143,7.492433979086605,False
prof-ARC-834250,ARCHETYPE_C_LOW_RESILIENCE,1,True,0.7031041474320343,664.2035929103062,0.0030924850360876336,0.5851128709221625,0.22906827296814725,8,33.42435461527876,0.61685110967667,False
prof-ARC-310386,ARCHETYPE_C_LOW_RESILIENCE,2,True,0.8107393850755651,774.0612120174283,0.014450561651568827,0.371185022209937,0.5581886083011202,2,65.62683621980453,0.8101817175312992,False
prof-ARC-496561,ARCHETYPE_C_LOW_RESILIENCE,1,True,0.5453629223963136,326.3669500636326,0.08824507775301113,0.7219583547575289,0.4534984116819066,8,33.59345443174146,11.576627795952877,False
prof-ARC-780646,ARCHETYPE_C_LOW_RESILIENCE,2,True,0.7677318907557307,492.24429754769886,0.021286015426188888,0.3897349901952306,0.5163726111815612,4,27.1928687470448,3.8341662874276023,False
prof-ARC-493931,ARCHETYPE_C_LOW_RESILIENCE,1,True,0.7217064710094843,653.6504517563509,0.016103402999354584,0.46269840391494743,0.24562935098749214,0,13.178465194801388,12.462560338732292,False
prof-ARC-846011,ARCHETYPE_C_LOW_RESILIENCE,1,True,0.4328311875976092,579.2035721730908,0.029414972002806985,0.6378609403530064,0.4603176750654814,6,37.987493751198464,5.106818056783551,False
prof-ARC-273746,ARCHETYPE_C_LOW_RESILIENCE,2,True,0.6670389331505493,592.861849150781,0.03537068362400031,0.412578845393482,0.21334765383466994,11,20.184148803725698,2.206238029703164,False
prof-ARC-344245,ARCHETYPE_C_LOW_RESILIENCE,2,True,0.5721765529381803,797.5313800936102,0.025329106537978544,0.40927548774424655,0.4660269336484424,3,26.28247608032532,0.3252420981639583,False
prof-ARC-316007,ARCHETYPE_C_LOW_RESILIENCE,1,True,0.4440823713466012,521.7091971152754,0.040767005134718474,0.18305295700920696,0.3545727085840847,3,24.759017590674734,4.177657221419518,False
prof-ARC-508611,ARCHETYPE_C_LOW_RESILIENCE,1,True,0.4692779803781829,523.0918691662496,0.01832592533552546,0.7800939631180002,0.39503593408358967,6,66.73315090528759,2.0033408187888844,False
prof-ARC-186392,ARCHETYPE_C_LOW_RESILIENCE,2,True,0.23904242921349358,552.5567818794591,0.022883185042917975,0.3997920538315359,0.3167455051218057,8,20.91549149931014,5.551100981789468,False
prof-ARC-319683,ARCHETYPE_C_LOW_RESILIENCE,1,True,0.4420126109647361,519.6185202097905,0.022384407366249047,0.2509907956833794,0.360061300056281,4,44.70819847112202,5.4757800829560965,False
prof-ARC-655824,ARCHETYPE_C_LOW_RESILIENCE,1,True,0.6356973402540471,438.88762335842245,0.07273096628250338,0.5095512721774053,0.5044695468279004,2,26.06657664942705,0.33343806785269653,False
prof-ARC-709618,ARCHETYPE_C_LOW_RESILIENCE,2,True,0.14513173093420415,430.5124964162542,0.00088819390307756,0.5197198016700757,0.3722276165117671,6,27.277615003174724,2.1916272397702596,False
prof-ARC-693149,ARCHETYPE_C_LOW_RESILIENCE,1,True,0.641957749674005,325.8610412745992,0.04774952288184891,0.5968985609802357,0.39318073587715685,5,20.05344115187358,4.482744656253642,False
prof-ARC-356146,ARCHETYPE_C_LOW_RESILIENCE,2,True,0.48155798238191977,385.85583375704624,0.01863811410794171,0.6677811271956392,0.1706404074873963,3,75.09262923449154,3.3015562573202892,False
prof-ARC-647592,ARCHETYPE_C_LOW_RESILIENCE,1,True,0.46978641016877193,513.9433268210146,0.011474523749658547,0.4309473505091517,0.2512845170481701,5,55.893020538183826,19.161493926158734,False
prof-ARC-560445,ARCHETYPE_D_DISCONNECTED,0,False,0.17367491798551898,2867.8004574967717,0.25221780780243763,0.26947537617295714,0.029426633483533207,2,21.115938211241975,0.0,False
prof-ARC-695605,ARCHETYPE_D_DISCONNECTED,0,False,0.20053591746372926,2837.232712245549,0.195342679462935,0.06490497475053265,0.024601212770743272,2,9.776536709695511,0.0,False
prof-ARC-352355,ARCHETYPE_D_DISCONNECTED,0,False,0.06693335969970722,2446.549596468706,0.26223121993045534,0.08843552011225929,0.08827550648008357,1,3.7796964589292594,0.0,False
prof-ARC-984696,ARCHETYPE_D_DISCONNECTED,1,False,0.06725821390436247,2943.013693505693,0.2355703627773837,0.1716234129246474,0.14264264720813238,0,5.720271637478307,0.0,False
prof-ARC-970596,ARCHETYPE_D_DISCONNECTED,1,False,0.29685429089458915,2948.741250325436,0.1958796589973522,0.4042542058123093,0.043506024933845706,0,12.943980528578274,0.0,False
prof-ARC-665509,ARCHETYPE_D_DISCONNECTED,0,True,0.12057374136103052,2020.7753093725962,0.18487365426655342,0.16850519544719159,0.05528253077612248,2,0.9099612490576503,0.0,False
prof-ARC-815123,ARCHETYPE_D_DISCONNECTED,0,False,0.13758840990476293,2321.614468231045,0.2460464209300561,0.15307587920158144,0.028782613940945972,1,7.042488135398224,0.0,False
prof-ARC-231777,ARCHETYPE_D_DISCONNECTED,0,False,0.1224201744569802,2444.407465724447,0.3587846297294174,0.22628241296244586,0.019674910703247794,1,15.575188170119446,0.0,False
prof-ARC-806730,ARCHETYPE_D_DISCONNECTED,0,False,0.2860932054680975,1771.4136507895219,0.17051815980846144,0.17045259002207055,0.30977524724387234,2,5.201964101544396,0.0,False
prof-ARC-188830,ARCHETYPE_D_DISCONNECTED,0,False,0.4041031410939013,3104.7711598056308,0.3203160953181115,0.07151508850713546,0.4896952721813394,3,14.293813548812262,0.0,False
prof-ARC-419019,ARCHETYPE_D_DISCONNECTED,0,False,0.1334943032084671,2576.9271144367494,0.19141962876699983,0.20240139272725896,0.19818698736124465,1,25.53547508537756,0.0,False
prof-ARC-180456,ARCHETYPE_D_DISCONNECTED,1,False,0.199898687041523,2825.3448587429016,0.2645985574320234,0.17348900606475975,0.014205442227872919,1,0.34459631740574403,0.0,False
prof-ARC-553104,ARCHETYPE_D_DISCONNECTED,0,False,0.14715094896966083,1980.8846347540393,0.31153964962027825,0.1189045135916901,0.0767671346115941,0,4.454803216437572,0.0,False
prof-ARC-421456,ARCHETYPE_D_DISCONNECTED,0,False,0.16015687235051398,1291.7463628161945,0.26084749822085984,0.1665716598195022,0.13458022346108983,1,3.314153517850201,0.0,False
prof-ARC-803636,ARCHETYPE_D_DISCONNECTED,0,False,0.2750004398089434,3656.943636713015,0.21627414374118267,0.21165024152133172,0.205608471793796,2,17.441986026472314,0.0,False
prof-ARC-343815,ARCHETYPE_D_DISCONNECTED,0,False,0.29997963320047416,2049.808322365123,0.1966795782446541,0.02616621267097169,0.1803009282903324,1,4.112361327346898,0.0,False
prof-ARC-145580,ARCHETYPE_D_DISCONNECTED,0,False,0.35633699007800856,2962.8383178053814,0.1349917180664365,0.07663181036197839,0.08321886054224063,1,18.584041067187698,0.0,False
prof-ARC-529252,ARCHETYPE_D_DISCONNECTED,1,False,0.4544620226648163,3616.8812375488124,0.2773714803619488,0.059369823472625795,0.2464498539965256,2,3.047848516690757,0.0,False
prof-ARC-327024,ARCHETYPE_D_DISCONNECTED,0,False,0.514260579293174,1825.641139112579,0.19468050213814753,0.09350553442522204,0.09405027811997366,1,25.87676912271928,0.0,False
prof-ARC-343305,ARCHETYPE_D_DISCONNECTED,1,False,0.10048582739094757,2864.1721126654265,0.2687230274550889,0.09910764979766253,0.21752895239848308,1,2.753735459431623,0.0,False
prof-ARC-553764,ARCHETYPE_D_DISCONNECTED,1,True,0.10700190333575155,3165.401957819931,0.2702942901576933,0.36079831343903546,0.03946224382863963,0,13.410346167661697,0.0,False
prof-ARC-710884,ARCHETYPE_D_DISCONNECTED,1,False,0.09756592269368633,3133.1689284494437,0.2207240326785873,0.05453759866498229,0.12653767366465493,0,5.573087536302612,0.0,False
prof-ARC-358474,ARCHETYPE_D_DISCONNECTED,0,False,0.2142064719355795,2261.227603832486,0.1330465146697951,0.309382847443095,0.13106966106141,1,3.6702602749885838,0.0,False
prof-ARC-134600,ARCHETYPE_D_DISCONNECTED,1,False,0.10272157508415657,2666.754023377987,0.27019306082198835,0.2409522861193093,0.01599078787759848,0,10.906050181971171,0.0,False
prof-ARC-179372,ARCHETYPE_D_DISCONNECTED,0,False,0.04807490392782476,2099.0719527282745,0.2263325089702825,0.04741450445661618,0.3054366197581716,1,13.89452047183132,0.0,False
prof-ARC-225513,ARCHETYPE_D_DISCONNECTED,1,True,0.18319360525208783,1858.0170082844465,0.30957624853800003,0.22901259805969415,0.18192230008834775,3,2.544981231524548,0.0,False
prof-ARC-751568,ARCHETYPE_D_DISCONNECTED,0,False,0.26310235618126643,1824.462770774251,0.1800928428488327,0.18678062822019817,0.2762178944848627,1,10.04543421448001,0.0,False
prof-ARC-552044,ARCHETYPE_D_DISCONNECTED,0,True,0.2936679546500431,2826.236272719683,0.25693370936983545,0.1978184359505658,0.10724236323629631,0,13.836080272775785,0.0,False
prof-ARC-920215,ARCHETYPE_D_DISCONNECTED,0,False,0.347929524905167,2528.09195919616,0.23425375548448993,0.2641725919734995,0.02658210501385396,0,4.441594736909723,0.0,False
prof-ARC-700292,ARCHETYPE_D_DISCONNECTED,0,False,0.36448839083796547,2454.10300269851,0.2379645268868662,0.06249614694145459,0.03437576424971733,2,0.6373852566492779,0.0,False
prof-ARC-956495,ARCHETYPE_D_DISCONNECTED,1,False,0.28219455138192134,2588.8922782022505,0.22201999898831185,0.021676404223440433,0.05467010788899893,1,7.523474667461755,0.0,False
prof-ARC-264354,ARCHETYPE_D_DISCONNECTED,0,False,0.024898341227215383,2924.653693091217,0.21980978110701635,0.15546642922406584,0.03983265775056802,0,5.60269747888705,0.0,False
prof-ARC-150324,ARCHETYPE_D_DISCONNECTED,1,False,0.18051548213341476,2426.3841385705364,0.31627165988796263,0.17705485473651753,0.3558296295293841,3,1.50400748183551,0.0,False
prof-ARC-676968,ARCHETYPE_D_DISCONNECTED,0,False,0.10073143557623596,1784.099696980218,0.2943539898203782,0.5771106292953507,0.03786070299964085,1,2.108371981715031,0.0,False
prof-ARC-709935,ARCHETYPE_D_DISCONNECTED,0,False,0.18425228254481257,2562.3977837479447,0.10746541410977012,0.012505612006434689,0.03505783443590062,0,25.692444503203177,0.0,False
prof-ARC-245724,ARCHETYPE_D_DISCONNECTED,0,False,0.03625690667776205,3188.488562774413,0.19073210503814889,0.2661661427279773,0.04737809463436174,0,0.9140061943416776,0.0,False
prof-ARC-952846,ARCHETYPE_D_DISCONNECTED,0,False,0.10709645248628161,2943.6410182477275,0.2707334433846983,0.1551431892890493,0.2049002708678039,0,6.82134694194088,0.0,False
prof-ARC-567680,ARCHETYPE_D_DISCONNECTED,1,False,0.04430166860272767,2286.5098142466186,0.22698590381148287,0.16004779511371398,0.1298690377960471,0,16.087811507919703,0.0,False
prof-ARC-917444,ARCHETYPE_D_DISCONNECTED,1,False,0.4935762668206045,3828.1561258948495,0.30905946782428173,0.2113216940404785,0.03953302128885846,1,4.645488342904337,0.0,False
prof-ARC-533647,ARCHETYPE_D_DISCONNECTED,0,False,0.042887885470991434,2325.5740014044,0.32018400559083077,0.040525612728539946,0.04335718312304949,0,0.19397453125306316,0.0,False
prof-ARC-699885,ARCHETYPE_D_DISCONNECTED,0,False,0.130068752805271,3035.4368862621322,0.2578759706085795,0.14941364367931503,0.14979168767787895,1,12.15077842538631,0.0,False
prof-ARC-286342,ARCHETYPE_D_DISCONNECTED,0,False,0.26507357369944506,2651.2702420273336,0.15432776934501893,0.16427153137995737,0.1096395706684022,0,17.791631143093735,0.0,False
prof-ARC-874008,ARCHETYPE_D_DISCONNECTED,1,False,0.23178320443491693,1786.312516462468,0.276530310758567,0.26676986124192276,0.008489577092605333,0,34.65335627552439,0.0,False
prof-ARC-524319,ARCHETYPE_D_DISCONNECTED,0,False,0.24371775801851417,2317.02587638748,0.17167712452631226,0.11786218161812552,0.09616700158133641,1,7.140829752849742,0.0,False
prof-ARC-303814,ARCHETYPE_D_DISCONNECTED,0,False,0.3134758709201486,3017.5788411814265,0.32864069822394304,0.10545650304882398,0.2282381937806269,1,5.133436253971258,0.0,False
prof-ARC-194957,ARCHETYPE_D_DISCONNECTED,0,False,0.2696068251000694,2561.7342690691453,0.17739198958647778,0.08665585164384376,0.10874078424614189,0,12.67233882554098,0.0,False
prof-ARC-208262,ARCHETYPE_D_DISCONNECTED,0,False,0.03257460563644792,1420.365532340116,0.19615170428303916,0.3473772276658334,0.0016603019857061193,0,31.074823557395014,0.0,False
prof-ARC-878889,ARCHETYPE_D_DISCONNECTED,1,True,0.6141525712175744,2784.0722863367323,0.13904425143310928,0.14573972324167025,0.14850662325211772,1,12.147918976474934,0.0,False
prof-ARC-806147,ARCHETYPE_D_DISCONNECTED,0,False,0.05042485763637113,3338.0947537510074,0.24402876234820525,0.1243384841383562,0.0932674753107521,1,1.094456657350118,0.0,False
prof-ARC-285505,ARCHETYPE_D_DISCONNECTED,1,True,0.32100962377319997,2049.284899613503,0.30006426240994905,0.09529045787780499,0.09817046464509434,1,45.23581965543165,0.0,False
prof-ARC-136091,ARCHETYPE_D_DISCONNECTED,1,False,0.35423929731790826,1651.6320286244782,0.13709266686614247,0.12392329517145827,0.10006347978619798,1,0.29625370166441667,0.0,False
prof-ARC-666403,ARCHETYPE_D_DISCONNECTED,1,False,0.11966820791189212,2755.987585178365,0.19378629064880282,0.02171969824383551,0.22673363365785426,3,48.67799110311009,0.0,False
prof-ARC-785712,ARCHETYPE_D_DISCONNECTED,0,False,0.16698332814276873,3152.88828914376,0.29186533234328516,0.2820464912153886,0.23560331586228528,2,2.786134153411848,0.0,False
prof-ARC-835002,ARCHETYPE_D_DISCONNECTED,0,False,0.039979596791648815,2507.3260235621965,0.20414383682462572,0.3419418692590494,0.29108954107339463,0,4.499682740672498,0.0,False
prof-ARC-212188,ARCHETYPE_D_DISCONNECTED,0,False,0.27266171611388446,2777.4411525478426,0.281681176242252,0.2011607680455165,0.20493698636040528,0,24.483343155652115,0.0,False
prof-ARC-331181,ARCHETYPE_D_DISCONNECTED,0,False,0.20776669861494032,3229.4095679282345,0.2715232217780392,0.2877964406322968,0.24599083165886726,0,5.456734836018494,0.0,False
prof-ARC-540333,ARCHETYPE_D_DISCONNECTED,0,False,0.1379121727827029,1845.9821113195976,0.15225380091518168,0.05427148777201879,0.0005024141740929222,2,10.346295655379967,0.0,False
prof-ARC-992131,ARCHETYPE_D_DISCONNECTED,1,False,0.02046708734572707,3153.811396889527,0.31225033951189435,0.28581952610588746,0.15584010910094767,0,7.899355475564968,0.0,False
prof-ARC-895795,ARCHETYPE_D_DISCONNECTED,1,False,0.23105330310863043,2558.5205177906314,0.2740167989715583,0.04796239813667446,0.10137475643485218,0,1.777306859815151,0.0,False
prof-ARC-625568,ARCHETYPE_D_DISCONNECTED,0,False,0.25993989893907277,2159.7409638582926,0.14738991823943526,0.034763366308636745,0.05153882283415947,2,3.6229597467789803,0.0,False
prof-ARC-107661,ARCHETYPE_D_DISCONNECTED,0,False,0.14417308341847662,2666.169701417179,0.3079082195740542,0.1658982197256535,0.027543338331870025,2,27.421475252071353,0.0,False
prof-ARC-779493,ARCHETYPE_D_DISCONNECTED,1,False,0.289757047318483,2695.6424785604368,0.22645673057339372,0.18227007026967865,0.09128651634878633,3,32.853598682726414,0.0,False
prof-ARC-698629,ARCHETYPE_D_DISCONNECTED,0,False,0.05537351950095484,2307.419763818063,0.2828252430802822,0.1480030374705278,0.2419210162989133,0,0.10314035674289054,0.0,False
prof-ARC-210702,ARCHETYPE_D_DISCONNECTED,0,False,0.23720441940196973,2882.29979881779,0.11436358645674254,0.06538175361398309,0.09060124387894225,1,6.711770669431244,0.0,False
prof-ARC-904683,ARCHETYPE_D_DISCONNECTED,0,False,0.2672632685430756,3196.0714131269124,0.25214455905942895,0.03691827394922411,0.05805944085976553,2,26.776801669052325,0.0,False
prof-ARC-619372,ARCHETYPE_D_DISCONNECTED,1,False,0.12689967355004342,2846.7479103023,0.1419388075002201,0.046038405546105214,0.039971804271408846,1,6.560903904034589,0.0,False
prof-ARC-354435,ARCHETYPE_D_DISCONNECTED,1,False,0.26077373550789534,2813.1778530433103,0.21852690457791096,0.0871172668236471,0.057972912339791065,0,12.57997374960498,0.0,False
prof-ARC-181604,ARCHETYPE_D_DISCONNECTED,0,False,0.10399122118494172,2607.831393743032,0.26627906172781196,0.09412824858819836,0.01523529471885236,1,1.1329470303734555,0.0,False
prof-ARC-489956,ARCHETYPE_D_DISCONNECTED,1,False,0.14333673761035548,1986.965958629421,0.17385884747776845,0.2428308770050272,0.11786897170396908,2,17.391613515836642,0.0,False
prof-ARC-188641,ARCHETYPE_D_DISCONNECTED,1,False,0.34104497190995703,2778.7595361265576,0.3631847612846741,0.15693453855135694,0.017811159075719774,1,10.396513204000621,0.0,False
prof-ARC-754472,ARCHETYPE_D_DISCONNECTED,0,False,0.29200972648255213,3341.986015034669,0.29077973756441305,0.1941586299213101,0.08464502588192219,4,24.58947787628209,0.0,False
prof-ARC-215737,ARCHETYPE_D_DISCONNECTED,0,False,0.37247009932364944,3062.176770075822,0.23661972448255073,0.39807763790262124,0.053438572905251634,1,1.7196841279970791,0.0,False
prof-ARC-272469,ARCHETYPE_D_DISCONNECTED,0,False,0.4742949839724598,3004.3812535665675,0.2179527594941105,0.26569637266778945,0.0764571092691055,0,27.93144324705466,0.0,False
prof-ARC-807840,ARCHETYPE_D_DISCONNECTED,0,False,0.08401613888497195,2486.429401504949,0.2450855667250804,0.08875810949773008,0.11415196191830652,1,10.96167109036881,0.0,False
prof-ARC-217458,ARCHETYPE_D_DISCONNECTED,0,False,0.4537789556681,2626.115739959649,0.2733835770717479,0.375647658323068,0.02953192557723155,1,13.409087106355699,0.0,False
prof-ARC-478035,ARCHETYPE_D_DISCONNECTED,0,False,0.2117792161204853,2767.1246720676427,0.2769114080425799,0.45032583344237836,0.02500898254135976,1,1.9873952664604655,0.0,False
prof-ARC-770964,ARCHETYPE_D_DISCONNECTED,0,False,0.3069109659685369,2718.727975521171,0.20552885458358844,0.10544960191657192,0.08992321531776483,0,24.892069112068352,0.0,False
prof-ARC-380502,ARCHETYPE_D_DISCONNECTED,0,False,0.1535805110767346,2197.018508026245,0.26052601319647994,0.11206499025778568,0.1766195021151947,0,40.68982877492261,0.0,False
prof-ARC-157631,ARCHETYPE_D_DISCONNECTED,0,False,0.10972055240392442,2844.249232789561,0.1931848428792238,0.15330586980701336,0.1344887304987972,2,13.33472875042725,0.0,False
prof-ARC-943607,ARCHETYPE_D_DISCONNECTED,1,False,0.2666097866267366,3628.6841274631133,0.22321792104708563,0.3398637610247014,0.2775200017179838,3,3.297366827331216,0.0,False
prof-ARC-771695,ARCHETYPE_D_DISCONNECTED,1,False,0.14404048186280777,1740.1829067411875,0.16952453189741862,0.17290988781763897,0.10905062825967679,1,15.000182512503544,0.0,False
prof-ARC-111366,ARCHETYPE_D_DISCONNECTED,0,False,0.09515407101305609,2636.041791869646,0.2792149837853929,0.14391478873394112,0.45427740889249474,0,4.824360491855165,0.0,False
prof-ARC-318124,ARCHETYPE_D_DISCONNECTED,1,False,0.2816338547658766,2500.3134159182096,0.2870211595336679,0.3099981386055969,0.08019246577529575,0,11.720212094697413,0.0,False
prof-ARC-982391,ARCHETYPE_D_DISCONNECTED,1,False,0.12638432678022596,2136.0250662628437,0.27655447410829764,0.17292988808509108,0.010628843153539656,2,0.8262371659613781,0.0,False
prof-ARC-865825,ARCHETYPE_D_DISCONNECTED,0,False,0.1431789976255118,2565.433762497642,0.21910177331778602,0.23214146213691744,0.055340022450656765,0,10.998176696032676,0.0,False
prof-ARC-814800,ARCHETYPE_D_DISCONNECTED,1,False,0.23966866800710346,2448.0083506564515,0.30537347052880964,0.2052478774530121,0.009594267237710992,0,12.561189434089531,0.0,False
prof-ARC-499626,ARCHETYPE_D_DISCONNECTED,0,False,0.2095764908351056,3732.2763601109846,0.30830062584461077,0.12057211077530823,0.24451956839991248,2,3.506737620966108,0.0,False
prof-ARC-122687,ARCHETYPE_D_DISCONNECTED,1,False,0.06234627887480894,2289.867984420586,0.28222049032341895,0.21057576205764222,0.22982676028178312,1,5.434488521995994,0.0,False
prof-ARC-559012,ARCHETYPE_D_DISCONNECTED,0,False,0.211167614574216,1923.5329497937582,0.28542526462297796,0.455756556975223,0.0591141448548992,1,0.23460458630148964,0.0,False
prof-ARC-924895,ARCHETYPE_D_DISCONNECTED,1,False,0.031590537885950266,2341.9103737121914,0.21438307692538366,0.10756942197422123,0.14152899607833908,2,0.09104417906941384,0.0,False
prof-ARC-317307,ARCHETYPE_D_DISCONNECTED,0,True,0.2935010707001778,2423.8566891061105,0.2772962888342467,0.18796348590855505,0.19198325005298925,1,6.339395288056311,0.0,False
prof-ARC-494417,ARCHETYPE_D_DISCONNECTED,0,False,0.24946221187084353,2727.202779660709,0.295610976325353,0.0844173522173002,0.00932382408797847,5,18.932049117913834,0.0,False
prof-ARC-113417,ARCHETYPE_D_DISCONNECTED,0,False,0.13803052398791008,3113.323065859559,0.15895479732895842,0.06722359141988819,0.008049826468105759,1,5.720130688312416,0.0,False
prof-ARC-272236,ARCHETYPE_D_DISCONNECTED,0,False,0.3566165635094118,2014.1934877707267,0.31380881241202546,0.1343384937777416,0.07257840064605442,2,21.77633972369186,0.0,False
prof-ARC-986540,ARCHETYPE_D_DISCONNECTED,1,False,0.10698847022035683,2646.0452089924297,0.31078821023198744,0.0515917753753099,0.1067770166070604,1,17.687859567486115,0.0,False
prof-ARC-976662,ARCHETYPE_D_DISCONNECTED,0,True,0.14112269429696248,4029.8531355423274,0.20630325289284596,0.11254075118023996,0.05931612673225837,0,49.20040161382687,0.0,False
prof-ARC-341495,ARCHETYPE_D_DISCONNECTED,0,False,0.25597924850165893,2979.7049984285463,0.31972336883797625,0.03875864085831484,0.029801259501971128,0,32.65788368018883,0.0,False
prof-ARC-654990,ARCHETYPE_D_DISCONNECTED,0,False,0.19321523222027742,2820.200114704087,0.28472280153371593,0.17488847309866618,0.020903567486590998,0,4.830271290419973,0.0,False
prof-ARC-655874,ARCHETYPE_D_DISCONNECTED,1,False,0.1411997426671463,2313.1395647547834,0.25516126963765856,0.1928194122982053,0.0219692732046658,0,3.5196704014113385,0.0,False
prof-ARC-562485,ARCHETYPE_D_DISCONNECTED,0,False,0.04156360438650658,2018.5993926373571,0.26693430713959987,0.16490885650305023,0.06413108368771708,3,14.768853755653188,0.0,False
prof-ARC-784213,ARCHETYPE_D_DISCONNECTED,0,False,0.11384032615023175,1889.931225945072,0.36271569617069854,0.10938113641855055,0.25162676666815453,3,10.119515018981682,0.0,False
prof-ARC-436314,ARCHETYPE_D_DISCONNECTED,0,False,0.09693889606235433,2547.117539196993,0.20272961574785472,0.24046906603756224,0.19872721869210333,0,10.015381222375265,0.0,False
prof-ARC-617157,ARCHETYPE_D_DISCONNECTED,0,False,0.016860092075865255,2550.7811660957022,0.3052626602963311,0.4510940201836517,0.08849010410713534,1,17.624084976897628,0.0,False
prof-ARC-216700,ARCHETYPE_D_DISCONNECTED,0,False,0.11856894439413607,2469.6034297656875,0.28922843048073643,0.6686541403494768,0.019240709179389647,1,4.568437063364806,0.0,False
prof-ARC-197170,ARCHETYPE_D_DISCONNECTED,0,False,0.16448685882739758,2731.7301778331084,0.19296143144527636,0.40765689500529534,0.10429212484885125,2,7.59302529054573,0.0,False
prof-ARC-107160,ARCHETYPE_D_DISCONNECTED,1,False,0.12352059601354803,2373.3331292566277,0.2225962435315967,0.2606560651096085,0.11226741289880161,1,11.44467522990901,0.0,False
prof-ARC-332198,ARCHETYPE_D_DISCONNECTED,0,False,0.08454932659554051,1475.715710908087,0.23243483503871537,0.01804872885443033,0.27197548324009846,0,4.546761489609217,0.0,False
prof-ARC-969874,ARCHETYPE_D_DISCONNECTED,0,False,0.21224950741234772,2419.4362566569994,0.18398237939919743,0.3330023456119223,0.1340028378650891,0,2.533093631591614,0.0,False
prof-ARC-386752,ARCHETYPE_D_DISCONNECTED,0,False,0.12113552056594329,2771.5585489578953,0.3139867346631444,0.017860862070154703,0.28412185696574416,1,21.52840962651521,0.0,False
prof-ARC-192060,ARCHETYPE_D_DISCONNECTED,0,False,0.20125122367896067,2421.410750034916,0.24262696119742003,0.13375876623415114,0.13167549304107753,1,4.038213526849227,0.0,False
prof-ARC-377879,ARCHETYPE_D_DISCONNECTED,1,False,0.05556284829725469,3214.3545786913314,0.23344422217452052,0.13855320561802048,0.0009235379582016159,2,20.85228639226735,0.0,False
prof-ARC-444619,ARCHETYPE_D_DISCONNECTED,0,False,0.040279678642766034,2406.0785899681046,0.24254229234490735,0.15914047316288785,0.05000683390842176,0,17.020978224697892,0.0,False
prof-ARC-980411,ARCHETYPE_D_DISCONNECTED,1,False,0.10538590282194339,2617.8589059562573,0.2573855515878671,0.009175592085514108,0.0676571534406577,0,5.060421256327725,0.0,False
prof-ARC-869260,ARCHETYPE_D_DISCONNECTED,0,False,0.44315430122360927,3430.730112339632,0.22021458728847193,0.19919108882402597,0.030002045941359363,0,14.557663096312439,0.0,False
prof-ARC-977465,ARCHETYPE_D_DISCONNECTED,0,False,0.29539158103867996,2651.865810833663,0.28609900928181253,0.3838196502503326,0.07097544518099629,0,6.694955905923953,0.0,False
prof-ARC-427324,ARCHETYPE_D_DISCONNECTED,1,True,0.1734015060414465,2598.6133654270993,0.25103277219371095,0.2514981527027218,0.12238481141461975,0,6.209958741444463,0.0,False
prof-ARC-779049,ARCHETYPE_D_DISCONNECTED,1,False,0.2700799064090785,2533.769889534973,0.2154832494925616,0.4795429501215546,0.007151707811673474,4,5.213041092217593,0.0,False
prof-ARC-693207,ARCHETYPE_D_DISCONNECTED,0,True,0.24332828625077976,3098.1304941534377,0.1921214884948413,0.14140551291111966,0.05810424767243267,2,4.676458155741179,0.0,False
prof-ARC-408013,ARCHETYPE_D_DISCONNECTED,1,False,0.17730576989659416,2551.7707056557265,0.26867979932939023,0.08093586477451897,0.011026768313310984,1,7.545248047564364,0.0,False
prof-ARC-403139,ARCHETYPE_D_DISCONNECTED,1,False,0.01725745531454458,1758.5434794110433,0.1719109828419947,0.21257006339466145,0.18270174663664412,0,6.463479167038874,0.0,False
prof-ARC-520303,ARCHETYPE_D_DISCONNECTED,0,False,0.129692880249274,2953.753531485313,0.2523628152553586,0.1438386146873133,0.06302948180598389,0,4.64917183858745,0.0,False
prof-ARC-215799,ARCHETYPE_D_DISCONNECTED,0,False,0.14388326531797227,2360.2255164252765,0.18200833017035267,0.31263435039528253,0.16188194383181562,0,6.140621331048499,0.0,False
prof-ARC-476354,ARCHETYPE_D_DISCONNECTED,1,False,0.19258253387147656,2306.507950421155,0.34231177912317273,0.0803810005969635,0.09630102775713135,1,0.0585872900680674,0.0,False
prof-ARC-599876,ARCHETYPE_D_DISCONNECTED,0,False,0.23369833489011463,2363.316402612034,0.3895173183631949,0.31086242986832613,0.08938846843745701,0,22.18033297278456,0.0,False
prof-ARC-660742,ARCHETYPE_D_DISCONNECTED,1,False,0.12080000468388585,3563.959037378628,0.2063820895785145,0.06559977451237438,0.031367731535278734,0,6.031837611895434,0.0,False
prof-ARC-950026,ARCHETYPE_D_DISCONNECTED,0,False,0.28072742926524785,2080.7913546221703,0.2979128656580139,0.1266504880153494,0.26242584782003303,2,8.655895696055161,0.0,False
prof-ARC-195964,ARCHETYPE_D_DISCONNECTED,0,True,0.09119771390971644,2503.28476754367,0.271637010003892,0.0591863746675659,0.02655071970284049,1,12.67531236222315,0.0,False
prof-ARC-543598,ARCHETYPE_D_DISCONNECTED,0,False,0.2825468278259113,2513.46889381616,0.22872674776876326,0.17159678783104443,0.005972823187932957,5,1.628660642941779,0.0,False
prof-ARC-314730,ARCHETYPE_D_DISCONNECTED,0,True,0.06379437128241158,2857.408344240036,0.14803427705752167,0.1599885715991371,0.22452140229510092,2,17.232143926155793,0.0,False
prof-ARC-657103,ARCHETYPE_D_DISCONNECTED,0,False,0.2705084196204846,2675.5810039074827,0.13292183426634271,0.2086526739939613,0.10299319233336243,1,24.564592164536485,0.0,False
prof-ARC-398166,ARCHETYPE_D_DISCONNECTED,1,False,0.3637409048755531,2323.6496024981966,0.25943763632370603,0.03246687050155325,0.09213932058120562,1,18.07556817328799,0.0,False
prof-ARC-800334,ARCHETYPE_D_DISCONNECTED,1,False,0.27658779363300473,1895.199579704709,0.25508674753185917,0.04693520528684237,0.335473585676564,1,7.43584184739449,0.0,False
prof-ARC-605174,ARCHETYPE_D_DISCONNECTED,0,False,0.08678965119589319,3029.8493429020696,0.1470493359869532,0.08714632080921957,0.23810882393102778,0,6.178355909244897,0.0,False
prof-ARC-301578,ARCHETYPE_D_DISCONNECTED,1,False,0.11907911217305132,3303.202170738329,0.18575328029409488,0.17214120265044489,0.04441007502974506,0,7.393772537210105,0.0,False
prof-ARC-209247,ARCHETYPE_D_DISCONNECTED,1,False,0.14930109057761484,1960.8179181025673,0.3037938139423373,0.17092369558994708,0.23214954985338146,2,12.941686773369108,0.0,False
prof-ARC-742281,ARCHETYPE_D_DISCONNECTED,0,False,0.37903361559321547,2424.8354242668356,0.37286475361326243,0.20236103657131407,0.25597646415022096,1,6.436173446342818,0.0,False
prof-ARC-414791,ARCHETYPE_D_DISCONNECTED,0,False,0.24344024223153768,2331.1254836490325,0.19428125164157728,0.04354699975759851,0.04145094909466363,1,2.9259565983496834,0.0,False
prof-ARC-917994,ARCHETYPE_D_DISCONNECTED,1,False,0.3319091605101814,2412.332897912612,0.38480297109815254,0.13300905752174347,0.10059272007819085,0,0.07755134726124177,0.0,False
prof-ARC-452624,ARCHETYPE_D_DISCONNECTED,1,False,0.03775919964452418,3200.0515318578928,0.32412902260386584,0.5785404689517217,0.1320494304760608,0,18.25822071780482,0.0,False
prof-ARC-395001,ARCHETYPE_D_DISCONNECTED,0,False,0.046506847118478904,2507.041429900888,0.25699174503732675,0.13907374523700897,0.14202312259380248,0,2.324088171788728,0.0,False
prof-ARC-493308,ARCHETYPE_D_DISCONNECTED,1,False,0.20373899948732072,2862.0244374613926,0.31757757016517263,0.20121228422544177,0.23748024164793954,1,11.640896869395013,0.0,False
prof-ARC-186491,ARCHETYPE_D_DISCONNECTED,0,False,0.1739134437503271,3087.168082827172,0.2115707835153963,0.04215162247135333,0.04716427233106865,0,2.9810243390497426,0.0,False
prof-ARC-669707,ARCHETYPE_D_DISCONNECTED,0,True,0.2511536213055348,2502.892557413327,0.2976654312864264,0.16460203298871015,0.0889708654847095,0,29.4994216637475,0.0,False
prof-ARC-661524,ARCHETYPE_D_DISCONNECTED,1,False,0.33758637650950885,2379.9667411327277,0.24346408316963392,0.16062906793532244,0.168755484595216,2,1.6845931682787805,0.0,False
prof-ARC-565501,ARCHETYPE_D_DISCONNECTED,0,False,0.21325457623232807,2090.998874840092,0.3199152963106764,0.0416564052886243,0.19157569626439577,0,9.514164838931691,0.0,False
prof-ARC-973111,ARCHETYPE_D_DISCONNECTED,0,False,0.049446297992179394,2414.9988542231786,0.18321211673921028,0.3136183082939913,0.08393738638154835,0,0.49368351580815883,0.0,False
prof-ARC-889316,ARCHETYPE_D_DISCONNECTED,0,False,0.3050006178104892,2635.2317543652784,0.2668309460522021,0.1487846225662339,0.08164650864230323,1,1.7648492514394165,0.0,False
prof-ARC-496222,ARCHETYPE_D_DISCONNECTED,1,False,0.11447858905649452,3256.0823426272163,0.30641577299312905,0.09050296290829392,0.06245512636919236,1,0.609302229727982,0.0,False
prof-ARC-698720,ARCHETYPE_D_DISCONNECTED,1,False,0.12671488876696657,3602.392804560575,0.18562430954375347,0.14936921960010346,0.016097953979368473,1,11.929237766042712,0.0,False
prof-ARC-633635,ARCHETYPE_D_DISCONNECTED,1,False,0.170722526706315,1996.0071463558613,0.21923615937934077,0.3466759159347612,0.14391623945315454,3,9.705784921031617,0.0,False
prof-ARC-392329,ARCHETYPE_D_DISCONNECTED,1,False,0.15241411588240555,2886.6708473223543,0.20629842266881204,0.12736494641036078,0.060729147608214885,1,30.283395373585567,0.0,False
prof-ARC-696910,ARCHETYPE_D_DISCONNECTED,0,False,0.06490413889724907,2023.5253027664467,0.22159962205052797,0.09061558717290452,0.06459326245845365,2,0.29464509243149783,0.0,False
prof-ARC-876221,ARCHETYPE_D_DISCONNECTED,1,False,0.33737080202228736,2557.977375240002,0.24206268719279714,0.2557364933499422,0.018374290948687585,0,5.270027138797657,0.0,False
prof-ARC-734270,ARCHETYPE_D_DISCONNECTED,0,False,0.02581108962784546,3531.59170965779,0.22687986218773568,0.3248099529716512,0.07671674110896841,1,6.727942220589621,0.0,False
prof-ARC-418462,ARCHETYPE_D_DISCONNECTED,1,False,0.31012804354897283,2527.9153467107217,0.22626730773387932,0.2983685033399222,0.2080917216198575,1,38.65807928561096,0.0,False
prof-ARC-301651,ARCHETYPE_D_DISCONNECTED,0,False,0.08216852162360654,2242.567668798109,0.34498921689145273,0.09370972169359883,0.14352617048740735,1,18.60937649043983,0.0,False
prof-ARC-412235,ARCHETYPE_D_DISCONNECTED,1,False,0.024368430891236553,2704.314139127181,0.19484210625272175,0.1820575180507319,0.011808957368905635,1,3.0379509976346526,0.0,False
prof-ARC-165658,ARCHETYPE_D_DISCONNECTED,1,False,0.22084218161096206,1931.9128817372443,0.2118685847998148,0.1974976673497778,0.04722860559013937,2,7.09332083449424,0.0,False
prof-ARC-353186,ARCHETYPE_D_DISCONNECTED,0,False,0.18139540127214146,2237.398532669711,0.2867983809108105,0.08636315504973696,0.12230135360029075,0,17.71919465350599,0.0,False
prof-ARC-501853,ARCHETYPE_D_DISCONNECTED,0,False,0.19108338268946096,2476.810986523148,0.2389154701570257,0.35900985858548445,0.14992287537213927,3,11.871857147518963,0.0,False
prof-ARC-688823,ARCHETYPE_D_DISCONNECTED,0,True,0.27470079280076504,2336.196236953944,0.21273281648371134,0.10331729436740232,0.035252925943732145,2,19.941460519455642,0.0,False
prof-ARC-728424,ARCHETYPE_D_DISCONNECTED,0,False,0.15766281345785743,2603.90669544289,0.22658618907270023,0.12237670287026892,0.18972799193110912,1,16.777878782156915,0.0,False
prof-ARC-301707,ARCHETYPE_D_DISCONNECTED,0,False,0.10163092192752828,2800.058227622253,0.2099777478877634,0.17465409288333714,0.014580764921063041,2,10.812172144382131,0.0,False
prof-ARC-915127,ARCHETYPE_D_DISCONNECTED,0,False,0.06444083379227968,1914.6603582481525,0.24886336216541888,0.1315058374542636,0.003623335215016743,1,6.532866391790315,0.0,False
prof-ARC-876825,ARCHETYPE_D_DISCONNECTED,0,False,0.07742012847132144,1941.5563631100458,0.23250859442736657,0.36375603612585133,0.05727447523929438,1,6.354611134480392,0.0,False
prof-ARC-102948,ARCHETYPE_D_DISCONNECTED,0,True,0.31543239182076027,2564.95945220564,0.25601469025578577,0.38239187328446367,0.10909409427164707,2,7.239919445736003,0.0,False
prof-ARC-349246,ARCHETYPE_D_DISCONNECTED,0,False,0.27425533697336324,2589.8694023678613,0.28801688794303715,0.14290035635528786,0.18178920295778614,4,3.5526450092715676,0.0,False
prof-ARC-193602,ARCHETYPE_D_DISCONNECTED,0,False,0.05621301757806749,2249.100486783106,0.1742583946806249,0.1778901984743439,0.02017215271691378,1,1.9361891566085947,0.0,False
prof-ARC-884136,ARCHETYPE_D_DISCONNECTED,0,False,0.12114011004172183,3175.247875306999,0.1831784608344057,0.23363850726831514,0.015436212139135526,3,40.659464388647706,0.0,False
prof-ARC-825150,ARCHETYPE_D_DISCONNECTED,0,False,0.10513838160013363,3082.232346256106,0.25213309491953423,0.24253869317057417,0.13963520579366973,1,15.300730429431706,0.0,False
prof-ARC-138402,ARCHETYPE_D_DISCONNECTED,1,False,0.1003659627333955,3337.1074856042333,0.17787821136745974,0.3165875908993433,0.3177961774670936,1,7.174250170806927,0.0,False
prof-ARC-496381,ARCHETYPE_D_DISCONNECTED,1,False,0.28631654893739217,2517.4645668773896,0.18594192307465093,0.17762244465224336,0.11545737410775152,3,3.6233652141100388,0.0,False
prof-ARC-842578,ARCHETYPE_D_DISCONNECTED,1,False,0.1756527689910691,2223.1546347929657,0.16157037697852739,0.18708031002278272,0.08129119093692418,4,17.858122694627824,0.0,False
prof-ARC-636508,ARCHETYPE_D_DISCONNECTED,0,False,0.31519336043058505,1597.9386401441964,0.16118566712177715,0.14373902719125153,0.03503173326037041,3,27.275517311475078,0.0,False
prof-ARC-286889,ARCHETYPE_D_DISCONNECTED,1,False,0.024555405319587813,2566.755085927445,0.1454981755716368,0.04197060380251381,0.03552168060703331,1,13.629159235354225,0.0,False
prof-ARC-118435,ARCHETYPE_D_DISCONNECTED,0,True,0.1665786084171369,2671.5242653470214,0.25995401592109507,0.09974501886435436,0.16372448606228374,0,4.35612109454466,0.0,False
prof-ARC-915908,ARCHETYPE_D_DISCONNECTED,0,False,0.24648629578742173,2755.217166384683,0.3031072290400345,0.40874780830813534,0.2674691661098041,0,0.8831634697652678,0.0,False
prof-ARC-481292,ARCHETYPE_D_DISCONNECTED,1,False,0.1506689559755686,2573.883474733237,0.21947606209566936,0.28015221575489185,0.0009035246603262348,2,1.559108800858138,0.0,False
prof-ARC-226162,ARCHETYPE_D_DISCONNECTED,0,False,0.2535883322191551,2825.1555987481715,0.3011412506586634,0.03534060707350228,0.11505578036685038,1,41.57667080221748,0.0,False
prof-ARC-965081,ARCHETYPE_D_DISCONNECTED,0,False,0.13898653634727248,2111.5146340183514,0.2658994264119312,0.3823125710228749,0.11185281935986728,2,38.84307625203468,0.0,False
prof-ARC-622121,ARCHETYPE_D_DISCONNECTED,0,False,0.15529024697001068,3259.6890914759765,0.3209445400060964,0.5548439184639049,0.04124140377538156,0,0.5094462454921684,0.0,False
prof-ARC-428170,ARCHETYPE_D_DISCONNECTED,0,False,0.20170651862535086,2724.9245731928004,0.35661706960590256,0.21035804530435312,0.0395958415215028,1,8.48531397240668,0.0,False
prof-ARC-938989,ARCHETYPE_D_DISCONNECTED,0,False,0.20887791966465133,2708.840702508624,0.2791962468423244,0.035573564649251425,0.005991137267276183,3,0.7888497937746979,0.0,False
prof-ARC-328411,ARCHETYPE_D_DISCONNECTED,0,False,0.1458618263637468,3054.985016142176,0.17614285425511317,0.1950311200968209,0.12908996510377224,1,1.191633739346273,0.0,False
prof-ARC-734246,ARCHETYPE_D_DISCONNECTED,0,False,0.14002001388422447,2565.978073698123,0.14068011254112425,0.18625887259024163,0.1892314924405351,1,2.1465953350372575,0.0,False
prof-ARC-515988,ARCHETYPE_D_DISCONNECTED,0,False,0.08189371200261843,2694.0373366431922,0.34305884931801117,0.2541505614705499,0.024938622824199258,0,6.899531382722773,0.0,False
prof-ARC-906584,ARCHETYPE_D_DISCONNECTED,0,False,0.19640708809580684,3061.2267867258824,0.30117440171528764,0.2133887490142774,0.05945191467648754,0,20.914273570041413,0.0,False
prof-ARC-205652,ARCHETYPE_D_DISCONNECTED,0,False,0.1298289887661146,2723.7100041028434,0.20080089014222052,0.15703589614374489,0.03415871806903228,1,3.841919090884897,0.0,False
prof-ARC-668955,ARCHETYPE_D_DISCONNECTED,0,False,0.1724884787367078,3696.1491918348793,0.22803000394645553,0.2182113214288816,0.15490411992820596,2,31.381029256404837,0.0,False
prof-ARC-564164,ARCHETYPE_D_DISCONNECTED,1,False,0.14659466189536394,2869.931329187238,0.23923150554552988,0.10047949322999986,0.5532920824490287,0,6.781634097605201,0.0,False
prof-ARC-811392,ARCHETYPE_D_DISCONNECTED,0,False,0.1579286863917999,2467.534385864347,0.25891918294904115,0.04615006225722454,0.047663119359050224,1,2.9071818263332414,0.0,False
prof-ARC-302174,ARCHETYPE_D_DISCONNECTED,0,False,0.07051584749308382,2866.354485448226,0.3472399254367794,0.1238350930849033,0.17415370644955985,1,18.055057506713176,0.0,False
prof-ARC-377091,ARCHETYPE_D_DISCONNECTED,0,False,0.07465419641435807,2006.3753839838932,0.2023615225854714,0.041865176148119555,0.20623003359537956,3,9.125626105641466,0.0,False
prof-ARC-204968,ARCHETYPE_D_DISCONNECTED,0,False,0.0642057037009363,2272.245726880498,0.31936589741966065,0.11057692761025623,0.29828132879191194,1,10.841307068299024,0.0,False
prof-ARC-872703,ARCHETYPE_D_DISCONNECTED,0,False,0.25996432440698475,2007.0267635180442,0.261868595102032,0.16733209026987308,0.1963059638143494,1,22.999993487115123,0.0,False
prof-ARC-752556,ARCHETYPE_D_DISCONNECTED,1,False,0.07698694350313379,3037.8467140149296,0.2228223256891753,0.054908551395440604,0.01632661855441163,1,8.33325725539938,0.0,False
prof-ARC-308559,ARCHETYPE_D_DISCONNECTED,0,False,0.1773018123699783,2078.540742292828,0.2896856783416631,0.38672338120279687,0.13789969344431988,0,4.21960622176592,0.0,False
prof-ARC-748478,ARCHETYPE_D_DISCONNECTED,1,False,0.11717359049635766,2538.051208234294,0.12739180910053388,0.04627187811329676,0.10125815607615876,1,8.927972419802304,0.0,False
prof-ARC-110015,ARCHETYPE_D_DISCONNECTED,1,False,0.176697961564995,3420.791206915589,0.2559265155400573,0.06415803139663039,0.32710735919430556,1,8.495051217362535,0.0,False
prof-ARC-509466,ARCHETYPE_D_DISCONNECTED,0,False,0.07848833496848645,2986.0224435512696,0.2667016092654358,0.49976093571119407,0.10989220239740237,2,23.220886477647728,0.0,False
